id,location,shift_type,day_of_week,start_time,end_time,break_start,break_end,total_hours,required_gender,required_skills,region,emp_count,allocation_priority,active
1,Birchwood Road No. 1,DAY,MONDAY,08:00:00,20:00:00,,,11.0,FEMALE,,BARNET,1,10,t
2,Birchwood Road No. 1,DAY,TUESDAY,08:00:00,20:00:00,,,11.0,FEMALE,,BARNET,1,10,t
3,Birchwood Road No. 1,DAY,WEDNESDAY,08:00:00,20:00:00,,,11.0,ANY,,BARNET,1,10,t
4,Birchwood Road No. 1,DAY,THURSDAY,08:00:00,20:00:00,,,11.0,FEMALE,,BARNET,1,10,t
5,Birchwood Road No. 1,DAY,FRIDAY,08:00:00,20:00:00,,,11.0,ANY,,BARNET,1,10,t
6,Birchwood Road No. 1,DAY,SATURDAY,08:00:00,20:00:00,,,11.0,FEMALE,,BARNET,1,10,t
7,Birchwood Road No. 1,DAY,SUNDAY,08:00:00,20:00:00,,,11.0,FEMALE,,BARNET,1,10,t
8,Birchwood Road No. 1,WAKING_NIGHT,MONDAY,20:00:00,08:00:00,,,12.0,FEMALE,,BARNET,1,10,t
9,Birchwood Road No. 1,WAKING_NIGHT,TUESDAY,20:00:00,08:00:00,,,12.0,FEMALE,,BARNET,1,10,t
10,Birchwood Road No. 1,WAKING_NIGHT,WEDNESDAY,20:00:00,08:00:00,,,12.0,FEMALE,,BARNET,1,10,t
11,Birchwood Road No. 1,WAKING_NIGHT,THURSDAY,20:00:00,08:00:00,,,12.0,ANY,,BARNET,1,10,t
12,Birchwood Road No. 1,WAKING_NIGHT,FRIDAY,20:00:00,08:00:00,,,12.0,FEMALE,,BARNET,1,10,t
13,Birchwood Road No. 1,WAKING_NIGHT,SATURDAY,20:00:00,08:00:00,,,12.0,FEMALE,,BARNET,1,10,t
14,Birchwood Road No. 1,WAKING_NIGHT,SUNDAY,20:00:00,08:00:00,,,12.0,FEMALE,,BARNET,1,10,t
15,Oakfield Court No. 3,DAY,MONDAY,08:00:00,20:00:00,,,11.0,MALE,,BARNET,1,10,t
16,Oakfield Court No. 3,DAY,TUESDAY,08:00:00,20:00:00,,,11.0,MALE,,BARNET,1,10,t
17,Oakfield Court No. 3,DAY,WEDNESDAY,08:00:00,20:00:00,,,11.0,ANY,,BARNET,1,10,t
18,Oakfield Court No. 3,DAY,THURSDAY,08:00:00,20:00:00,,,11.0,MALE,BUCCAL,BARNET,1,10,t
19,Oakfield Court No. 3,DAY,FRIDAY,08:00:00,20:00:00,,,11.0,MALE,,BARNET,1,10,t
20,Oakfield Court No. 3,DAY,SATURDAY,08:00:00,20:00:00,,,11.0,MALE,,BARNET,1,10,t
21,Oakfield Court No. 3,DAY,SUNDAY,08:00:00,20:00:00,,,11.0,MALE,,BARNET,1,10,t
22,Oakfield Court No. 3,WAKING_NIGHT,MONDAY,20:00:00,08:00:00,,,12.0,MALE,,BARNET,1,10,t
23,Oakfield Court No. 3,WAKING_NIGHT,TUESDAY,20:00:00,08:00:00,,,12.0,ANY,,BARNET,1,10,t
24,Oakfield Court No. 3,WAKING_NIGHT,WEDNESDAY,20:00:00,08:00:00,,,12.0,MALE,,BARNET,1,10,t
25,Oakfield Court No. 3,WAKING_NIGHT,THURSDAY,20:00:00,08:00:00,,,12.0,MALE,,BARNET,1,10,t
26,Oakfield Court No. 3,WAKING_NIGHT,FRIDAY,20:00:00,08:00:00,,,12.0,MALE,,BARNET,1,10,t
27,Oakfield Court No. 3,WAKING_NIGHT,SATURDAY,20:00:00,08:00:00,,,12.0,MALE,,BARNET,1,10,t
28,Oakfield Court No. 3,WAKING_NIGHT,SUNDAY,20:00:00,08:00:00,,,12.0,MALE,,BARNET,1,10,t
29,Oakfield Court No. 3,LONG_DAY,MONDAY,07:00:00,22:00:00,12:00:00,14:00:00,13.0,MALE,,BARNET,1,10,t
30,Oakfield Court No. 3,LONG_DAY,TUESDAY,07:00:00,22:00:00,12:00:00,14:00:00,13.0,MALE,,BARNET,1,10,t
31,Oakfield Court No. 3,LONG_DAY,WEDNESDAY,07:00:00,22:00:00,12:00:00,14:00:00,13.0,MALE,,BARNET,1,10,t
32,Oakfield Court No. 3,LONG_DAY,THURSDAY,07:00:00,22:00:00,12:00:00,14:00:00,13.0,MALE,,BARNET,1,10,t
33,Oakfield Court No. 3,LONG_DAY,FRIDAY,07:00:00,22:00:00,12:00:00,14:00:00,13.0,MALE,,BARNET,1,10,t
34,Oakfield Court No. 3,LONG_DAY,SATURDAY,07:00:00,22:00:00,12:00:00,14:00:00,13.0,MALE,,BARNET,1,10,t
35,Oakfield Court No. 3,LONG_DAY,SUNDAY,07:00:00,22:00:00,12:00:00,14:00:00,13.0,MALE,,BARNET,1,10,t
36,Larch House No. 4,DAY,MONDAY,08:00:00,20:00:00,,,11.0,ANY,,BARNET,1,10,t
37,Larch House No. 4,DAY,TUESDAY,08:00:00,20:00:00,,,11.0,ANY,BUCCAL,BARNET,1,10,t
38,Larch House No. 4,DAY,WEDNESDAY,08:00:00,20:00:00,,,11.0,ANY,,BARNET,1,10,t
39,Larch House No. 4,DAY,THURSDAY,08:00:00,20:00:00,,,11.0,ANY,,BARNET,1,10,t
40,Larch House No. 4,DAY,FRIDAY,08:00:00,20:00:00,,,11.0,ANY,,BARNET,1,10,t
41,Larch House No. 4,DAY,SATURDAY,08:00:00,20:00:00,,,11.0,ANY,,BARNET,1,10,t
42,Larch House No. 4,DAY,SUNDAY,08:00:00,20:00:00,,,11.0,ANY,,BARNET,1,10,t
43,Larch House No. 4,WAKING_NIGHT,MONDAY,20:00:00,08:00:00,,,12.0,ANY,,BARNET,1,10,t
44,Larch House No. 4,WAKING_NIGHT,TUESDAY,20:00:00,08:00:00,,,12.0,ANY,,BARNET,1,10,t
45,Larch House No. 4,WAKING_NIGHT,WEDNESDAY,20:00:00,08:00:00,,,12.0,ANY,BUCCAL,BARNET,1,10,t
46,Larch House No. 4,WAKING_NIGHT,THURSDAY,20:00:00,08:00:00,,,12.0,ANY,,BARNET,1,10,t
47,Larch House No. 4,WAKING_NIGHT,FRIDAY,20:00:00,08:00:00,,,12.0,ANY,BUCCAL,BARNET,1,10,t
48,Larch House No. 4,WAKING_NIGHT,SATURDAY,20:00:00,08:00:00,,,12.0,ANY,,BARNET,1,10,t
49,Larch House No. 4,WAKING_NIGHT,SUNDAY,20:00:00,08:00:00,,,12.0,ANY,,BARNET,1,10,t
50,Riverside Close No. 5,DAY,MONDAY,08:00:00,20:00:00,,,11.0,ANY,,BARNET,1,10,t
51,Riverside Close No. 5,DAY,TUESDAY,08:00:00,20:00:00,,,11.0,ANY,,BARNET,1,10,t
52,Riverside Close No. 5,DAY,WEDNESDAY,08:00:00,20:00:00,,,11.0,ANY,,BARNET,1,10,t
53,Riverside Close No. 5,DAY,THURSDAY,08:00:00,20:00:00,,,11.0,ANY,,BARNET,1,10,t
54,Riverside Close No. 5,DAY,FRIDAY,08:00:00,20:00:00,,,11.0,ANY,,BARNET,1,10,t
55,Riverside Close No. 5,DAY,SATURDAY,08:00:00,20:00:00,,,11.0,ANY,,BARNET,1,10,t
56,Riverside Close No. 5,DAY,SUNDAY,08:00:00,20:00:00,,,11.0,ANY,,BARNET,1,10,t
57,Riverside Close No. 5,WAKING_NIGHT,MONDAY,20:00:00,08:00:00,,,12.0,ANY,,BARNET,1,10,t
58,Riverside Close No. 5,WAKING_NIGHT,TUESDAY,20:00:00,08:00:00,,,12.0,ANY,,BARNET,1,10,t
59,Riverside Close No. 5,WAKING_NIGHT,WEDNESDAY,20:00:00,08:00:00,,,12.0,ANY,,BARNET,1,10,t
60,Riverside Close No. 5,WAKING_NIGHT,THURSDAY,20:00:00,08:00:00,,,12.0,ANY,,BARNET,1,10,t
61,Riverside Close No. 5,WAKING_NIGHT,FRIDAY,20:00:00,08:00:00,,,12.0,ANY,,BARNET,2,10,t
62,Riverside Close No. 5,WAKING_NIGHT,SATURDAY,20:00:00,08:00:00,,,12.0,ANY,,BARNET,1,10,t
63,Riverside Close No. 5,WAKING_NIGHT,SUNDAY,20:00:00,08:00:00,,,12.0,ANY,,BARNET,1,10,t
64,Riverside Close No. 5,FLOATING,MONDAY,12:00:00,14:00:00,,,2.0,ANY,,BARNET,1,10,t
65,Riverside Close No. 5,FLOATING,TUESDAY,12:00:00,14:00:00,,,2.0,ANY,,BARNET,1,10,t
66,Riverside Close No. 5,FLOATING,WEDNESDAY,12:00:00,14:00:00,,,2.0,ANY,,BARNET,1,10,t
67,Riverside Close No. 5,FLOATING,THURSDAY,12:00:00,14:00:00,,,2.0,ANY,,BARNET,1,10,t
68,Riverside Close No. 5,FLOATING,FRIDAY,12:00:00,14:00:00,,,2.0,ANY,,BARNET,1,10,t
69,Riverside Close No. 5,FLOATING,SATURDAY,12:00:00,14:00:00,,,2.0,ANY,,BARNET,1,10,t
70,Riverside Close No. 5,FLOATING,SUNDAY,12:00:00,14:00:00,,,2.0,ANY,,BARNET,1,10,t
71,Birchwood Road No. 6,DAY,MONDAY,08:00:00,20:00:00,,,11.0,FEMALE,,BARNET,1,10,t
72,Birchwood Road No. 6,DAY,TUESDAY,08:00:00,20:00:00,,,11.0,ANY,,BARNET,1,10,t
73,Birchwood Road No. 6,DAY,WEDNESDAY,08:00:00,20:00:00,,,11.0,FEMALE,,BARNET,1,10,t
74,Birchwood Road No. 6,DAY,THURSDAY,08:00:00,20:00:00,,,11.0,FEMALE,,BARNET,1,10,t
75,Birchwood Road No. 6,DAY,FRIDAY,08:00:00,20:00:00,,,11.0,ANY,,BARNET,1,10,t
76,Birchwood Road No. 6,DAY,SATURDAY,08:00:00,20:00:00,,,11.0,FEMALE,,BARNET,1,10,t
77,Birchwood Road No. 6,DAY,SUNDAY,08:00:00,20:00:00,,,11.0,FEMALE,,BARNET,1,10,t
78,Birchwood Road No. 6,FLOATING,MONDAY,12:00:00,14:00:00,,,2.0,ANY,,BARNET,1,10,t
79,Birchwood Road No. 6,FLOATING,TUESDAY,12:00:00,14:00:00,,,2.0,ANY,,BARNET,1,10,t
80,Birchwood Road No. 6,FLOATING,WEDNESDAY,12:00:00,14:00:00,,,2.0,ANY,,BARNET,1,10,t
81,Birchwood Road No. 6,FLOATING,THURSDAY,12:00:00,14:00:00,,,2.0,ANY,,BARNET,1,10,t
82,Birchwood Road No. 6,FLOATING,FRIDAY,12:00:00,14:00:00,,,2.0,ANY,,BARNET,1,10,t
83,Birchwood Road No. 6,FLOATING,SATURDAY,12:00:00,14:00:00,,,2.0,ANY,,BARNET,1,10,t
84,Birchwood Road No. 6,FLOATING,SUNDAY,12:00:00,14:00:00,,,2.0,ANY,,BARNET,1,10,t
85,Birchwood Road No. 6,LONG_DAY,MONDAY,07:00:00,22:00:00,12:00:00,14:00:00,13.0,FEMALE,,BARNET,1,10,t
86,Birchwood Road No. 6,LONG_DAY,TUESDAY,07:00:00,22:00:00,12:00:00,14:00:00,13.0,FEMALE,,BARNET,1,10,t
87,Birchwood Road No. 6,LONG_DAY,WEDNESDAY,07:00:00,22:00:00,12:00:00,14:00:00,13.0,FEMALE,,BARNET,1,10,t
88,Birchwood Road No. 6,LONG_DAY,THURSDAY,07:00:00,22:00:00,12:00:00,14:00:00,13.0,FEMALE,,BARNET,1,10,t
89,Birchwood Road No. 6,LONG_DAY,FRIDAY,07:00:00,22:00:00,12:00:00,14:00:00,13.0,FEMALE,,BARNET,1,10,t
90,Birchwood Road No. 6,LONG_DAY,SATURDAY,07:00:00,22:00:00,12:00:00,14:00:00,13.0,FEMALE,,BARNET,1,10,t
91,Birchwood Road No. 6,LONG_DAY,SUNDAY,07:00:00,22:00:00,12:00:00,14:00:00,13.0,FEMALE,,BARNET,1,10,t
92,Meadow Gardens No. 7,DAY,MONDAY,08:00:00,20:00:00,,,11.0,ANY,,BARNET,2,10,t
93,Meadow Gardens No. 7,DAY,TUESDAY,08:00:00,20:00:00,,,11.0,ANY,,BARNET,1,10,t
94,Meadow Gardens No. 7,DAY,WEDNESDAY,08:00:00,20:00:00,,,11.0,ANY,,BARNET,1,10,t
95,Meadow Gardens No. 7,DAY,THURSDAY,08:00:00,20:00:00,,,11.0,ANY,,BARNET,1,10,t
96,Meadow Gardens No. 7,DAY,FRIDAY,08:00:00,20:00:00,,,11.0,ANY,,BARNET,1,10,t
97,Meadow Gardens No. 7,DAY,SATURDAY,08:00:00,20:00:00,,,11.0,ANY,,BARNET,1,10,t
98,Meadow Gardens No. 7,DAY,SUNDAY,08:00:00,20:00:00,,,11.0,ANY,,BARNET,1,10,t
99,Meadow Gardens No. 7,WAKING_NIGHT,MONDAY,20:00:00,08:00:00,,,12.0,ANY,,BARNET,1,10,t
100,Meadow Gardens No. 7,WAKING_NIGHT,TUESDAY,20:00:00,08:00:00,,,12.0,ANY,,BARNET,1,10,t
101,Meadow Gardens No. 7,WAKING_NIGHT,WEDNESDAY,20:00:00,08:00:00,,,12.0,ANY,,BARNET,1,10,t
102,Meadow Gardens No. 7,WAKING_NIGHT,THURSDAY,20:00:00,08:00:00,,,12.0,ANY,,BARNET,1,10,t
103,Meadow Gardens No. 7,WAKING_NIGHT,FRIDAY,20:00:00,08:00:00,,,12.0,ANY,,BARNET,1,10,t
104,Meadow Gardens No. 7,WAKING_NIGHT,SATURDAY,20:00:00,08:00:00,,,12.0,ANY,,BARNET,1,10,t
105,Meadow Gardens No. 7,WAKING_NIGHT,SUNDAY,20:00:00,08:00:00,,,12.0,ANY,,BARNET,1,10,t
106,Meadow House No. 8,WAKING_NIGHT,MONDAY,20:00:00,08:00:00,,,12.0,ANY,BUCCAL,BARNET,1,10,t
107,Meadow House No. 8,WAKING_NIGHT,TUESDAY,20:00:00,08:00:00,,,12.0,FEMALE,,BARNET,1,10,t
108,Meadow House No. 8,WAKING_NIGHT,WEDNESDAY,20:00:00,08:00:00,,,12.0,FEMALE,,BARNET,1,10,t
109,Meadow House No. 8,WAKING_NIGHT,THURSDAY,20:00:00,08:00:00,,,12.0,FEMALE,,BARNET,1,10,t
110,Meadow House No. 8,WAKING_NIGHT,FRIDAY,20:00:00,08:00:00,,,12.0,FEMALE,,BARNET,1,10,t
111,Meadow House No. 8,WAKING_NIGHT,SATURDAY,20:00:00,08:00:00,,,12.0,FEMALE,,BARNET,1,10,t
112,Meadow House No. 8,WAKING_NIGHT,SUNDAY,20:00:00,08:00:00,,,12.0,FEMALE,BUCCAL,BARNET,1,10,t
113,Foxglove Road No. 10,FLOATING,MONDAY,12:00:00,14:00:00,,,2.0,ANY,,BARNET,1,10,t
114,Foxglove Road No. 10,FLOATING,TUESDAY,12:00:00,14:00:00,,,2.0,ANY,,BARNET,1,10,t
115,Foxglove Road No. 10,FLOATING,WEDNESDAY,12:00:00,14:00:00,,,2.0,ANY,,BARNET,1,10,t
116,Foxglove Road No. 10,FLOATING,THURSDAY,12:00:00,14:00:00,,,2.0,ANY,,BARNET,1,10,t
117,Foxglove Road No. 10,FLOATING,FRIDAY,12:00:00,14:00:00,,,2.0,ANY,,BARNET,1,10,t
118,Foxglove Road No. 10,FLOATING,SATURDAY,12:00:00,14:00:00,,,2.0,ANY,,BARNET,1,10,t
119,Foxglove Road No. 10,FLOATING,SUNDAY,12:00:00,14:00:00,,,2.0,ANY,,BARNET,1,10,t
120,Rowan Rise No. 11,DAY,MONDAY,08:00:00,20:00:00,,,11.0,MALE,,BARNET,1,10,t
121,Rowan Rise No. 11,DAY,TUESDAY,08:00:00,20:00:00,,,11.0,MALE,,BARNET,1,10,t
122,Rowan Rise No. 11,DAY,WEDNESDAY,08:00:00,20:00:00,,,11.0,MALE,,BARNET,1,10,t
123,Rowan Rise No. 11,DAY,THURSDAY,08:00:00,20:00:00,,,11.0,MALE,BUCCAL,BARNET,1,10,t
124,Rowan Rise No. 11,DAY,FRIDAY,08:00:00,20:00:00,,,11.0,MALE,,BARNET,1,10,t
125,Rowan Rise No. 11,DAY,SATURDAY,08:00:00,20:00:00,,,11.0,ANY,,BARNET,1,10,t
126,Rowan Rise No. 11,DAY,SUNDAY,08:00:00,20:00:00,,,11.0,MALE,,BARNET,1,10,t
127,Rowan Rise No. 11,WAKING_NIGHT,MONDAY,20:00:00,08:00:00,,,12.0,MALE,,BARNET,1,10,t
128,Rowan Rise No. 11,WAKING_NIGHT,TUESDAY,20:00:00,08:00:00,,,12.0,MALE,,BARNET,1,10,t
129,Rowan Rise No. 11,WAKING_NIGHT,WEDNESDAY,20:00:00,08:00:00,,,12.0,MALE,,BARNET,1,10,t
130,Rowan Rise No. 11,WAKING_NIGHT,THURSDAY,20:00:00,08:00:00,,,12.0,MALE,,BARNET,1,10,t
131,Rowan Rise No. 11,WAKING_NIGHT,FRIDAY,20:00:00,08:00:00,,,12.0,MALE,,BARNET,1,10,t
132,Rowan Rise No. 11,WAKING_NIGHT,SATURDAY,20:00:00,08:00:00,,,12.0,ANY,,BARNET,1,10,t
133,Rowan Rise No. 11,WAKING_NIGHT,SUNDAY,20:00:00,08:00:00,,,12.0,MALE,,BARNET,1,10,t
134,Rowan Rise No. 11,FLOATING,MONDAY,12:00:00,14:00:00,,,2.0,ANY,,BARNET,1,10,t
135,Rowan Rise No. 11,FLOATING,TUESDAY,12:00:00,14:00:00,,,2.0,ANY,,BARNET,1,10,t
136,Rowan Rise No. 11,FLOATING,WEDNESDAY,12:00:00,14:00:00,,,2.0,ANY,,BARNET,1,10,t
137,Rowan Rise No. 11,FLOATING,THURSDAY,12:00:00,14:00:00,,,2.0,ANY,,BARNET,1,10,t
138,Rowan Rise No. 11,FLOATING,FRIDAY,12:00:00,14:00:00,,,2.0,ANY,,BARNET,1,10,t
139,Rowan Rise No. 11,FLOATING,SATURDAY,12:00:00,14:00:00,,,2.0,ANY,,BARNET,1,10,t
140,Rowan Rise No. 11,FLOATING,SUNDAY,12:00:00,14:00:00,,,2.0,ANY,,BARNET,1,10,t
141,Rowan Rise No. 11,LONG_DAY,MONDAY,07:00:00,22:00:00,12:00:00,14:00:00,13.0,MALE,,BARNET,1,10,t
142,Rowan Rise No. 11,LONG_DAY,TUESDAY,07:00:00,22:00:00,12:00:00,14:00:00,13.0,MALE,BUCCAL,BARNET,1,10,t
143,Rowan Rise No. 11,LONG_DAY,WEDNESDAY,07:00:00,22:00:00,12:00:00,14:00:00,13.0,MALE,,BARNET,2,10,t
144,Rowan Rise No. 11,LONG_DAY,THURSDAY,07:00:00,22:00:00,12:00:00,14:00:00,13.0,MALE,,BARNET,1,10,t
145,Rowan Rise No. 11,LONG_DAY,FRIDAY,07:00:00,22:00:00,12:00:00,14:00:00,13.0,MALE,,BARNET,1,10,t
146,Rowan Rise No. 11,LONG_DAY,SATURDAY,07:00:00,22:00:00,12:00:00,14:00:00,13.0,MALE,,BARNET,1,10,t
147,Rowan Rise No. 11,LONG_DAY,SUNDAY,07:00:00,22:00:00,12:00:00,14:00:00,13.0,MALE,,BARNET,1,10,t
148,Rowan Rise No. 11,CARE_CALL,MONDAY,06:30:00,21:30:00,,,12.0,ANY,,BARNET,1,1,t
149,Rowan Rise No. 11,CARE_CALL,TUESDAY,06:30:00,21:30:00,,,12.0,MALE,,BARNET,1,1,t
150,Rowan Rise No. 11,CARE_CALL,WEDNESDAY,06:30:00,21:30:00,,,12.0,MALE,,BARNET,1,1,t
151,Rowan Rise No. 11,CARE_CALL,THURSDAY,06:30:00,21:30:00,,,12.0,MALE,,BARNET,1,1,t
152,Rowan Rise No. 11,CARE_CALL,FRIDAY,06:30:00,21:30:00,,,12.0,MALE,,BARNET,1,1,t
153,Rowan Rise No. 11,CARE_CALL,SATURDAY,06:30:00,21:30:00,,,12.0,MALE,,BARNET,1,1,t
154,Rowan Rise No. 11,CARE_CALL,SUNDAY,06:30:00,21:30:00,,,12.0,MALE,,BARNET,1,1,t
155,Priory Court No. 12,DAY,MONDAY,08:00:00,20:00:00,,,11.0,ANY,,BARNET,1,10,t
156,Priory Court No. 12,DAY,TUESDAY,08:00:00,20:00:00,,,11.0,ANY,BUCCAL,BARNET,1,10,t
157,Priory Court No. 12,DAY,WEDNESDAY,08:00:00,20:00:00,,,11.0,ANY,,BARNET,1,10,t
158,Priory Court No. 12,DAY,THURSDAY,08:00:00,20:00:00,,,11.0,ANY,,BARNET,1,10,t
159,Priory Court No. 12,DAY,FRIDAY,08:00:00,20:00:00,,,11.0,ANY,,BARNET,1,10,t
160,Priory Court No. 12,DAY,SATURDAY,08:00:00,20:00:00,,,11.0,ANY,BUCCAL,BARNET,1,10,t
161,Priory Court No. 12,DAY,SUNDAY,08:00:00,20:00:00,,,11.0,ANY,,BARNET,1,10,t
162,Priory Court No. 12,FLOATING,MONDAY,12:00:00,14:00:00,,,2.0,ANY,,BARNET,1,10,t
163,Priory Court No. 12,FLOATING,TUESDAY,12:00:00,14:00:00,,,2.0,ANY,,BARNET,2,10,t
164,Priory Court No. 12,FLOATING,WEDNESDAY,12:00:00,14:00:00,,,2.0,ANY,,BARNET,1,10,t
165,Priory Court No. 12,FLOATING,THURSDAY,12:00:00,14:00:00,,,2.0,ANY,,BARNET,1,10,t
166,Priory Court No. 12,FLOATING,FRIDAY,12:00:00,14:00:00,,,2.0,ANY,,BARNET,1,10,t
167,Priory Court No. 12,FLOATING,SATURDAY,12:00:00,14:00:00,,,2.0,ANY,,BARNET,1,10,t
168,Priory Court No. 12,FLOATING,SUNDAY,12:00:00,14:00:00,,,2.0,ANY,,BARNET,1,10,t
169,Priory Court No. 12,SLEEP_IN,MONDAY,22:00:00,07:00:00,,,9.0,ANY,,BARNET,1,10,t
170,Priory Court No. 12,SLEEP_IN,TUESDAY,22:00:00,07:00:00,,,9.0,ANY,BUCCAL,BARNET,1,10,t
171,Priory Court No. 12,SLEEP_IN,WEDNESDAY,22:00:00,07:00:00,,,9.0,ANY,,BARNET,1,10,t
172,Priory Court No. 12,SLEEP_IN,THURSDAY,22:00:00,07:00:00,,,9.0,ANY,,BARNET,1,10,t
173,Priory Court No. 12,SLEEP_IN,FRIDAY,22:00:00,07:00:00,,,9.0,ANY,,BARNET,1,10,t
174,Priory Court No. 12,SLEEP_IN,SATURDAY,22:00:00,07:00:00,,,9.0,ANY,,BARNET,1,10,t
175,Priory Court No. 12,SLEEP_IN,SUNDAY,22:00:00,07:00:00,,,9.0,ANY,,BARNET,1,10,t
176,Elm Gardens No. 13,DAY,MONDAY,08:00:00,20:00:00,,,11.0,MALE,,BARNET,1,10,t
177,Elm Gardens No. 13,DAY,TUESDAY,08:00:00,20:00:00,,,11.0,MALE,,BARNET,1,10,t
178,Elm Gardens No. 13,DAY,WEDNESDAY,08:00:00,20:00:00,,,11.0,MALE,,BARNET,1,10,t
179,Elm Gardens No. 13,DAY,THURSDAY,08:00:00,20:00:00,,,11.0,MALE,,BARNET,1,10,t
180,Elm Gardens No. 13,DAY,FRIDAY,08:00:00,20:00:00,,,11.0,ANY,,BARNET,1,10,t
181,Elm Gardens No. 13,DAY,SATURDAY,08:00:00,20:00:00,,,11.0,MALE,,BARNET,1,10,t
182,Elm Gardens No. 13,DAY,SUNDAY,08:00:00,20:00:00,,,11.0,MALE,,BARNET,1,10,t
183,Elm Gardens No. 13,WAKING_NIGHT,MONDAY,20:00:00,08:00:00,,,12.0,MALE,,BARNET,1,10,t
184,Elm Gardens No. 13,WAKING_NIGHT,TUESDAY,20:00:00,08:00:00,,,12.0,MALE,,BARNET,1,10,t
185,Elm Gardens No. 13,WAKING_NIGHT,WEDNESDAY,20:00:00,08:00:00,,,12.0,MALE,BUCCAL,BARNET,1,10,t
186,Elm Gardens No. 13,WAKING_NIGHT,THURSDAY,20:00:00,08:00:00,,,12.0,MALE,,BARNET,1,10,t
187,Elm Gardens No. 13,WAKING_NIGHT,FRIDAY,20:00:00,08:00:00,,,12.0,MALE,,BARNET,1,10,t
188,Elm Gardens No. 13,WAKING_NIGHT,SATURDAY,20:00:00,08:00:00,,,12.0,MALE,,BARNET,1,10,t
189,Elm Gardens No. 13,WAKING_NIGHT,SUNDAY,20:00:00,08:00:00,,,12.0,ANY,,BARNET,1,10,t
190,Elm Court No. 14,WAKING_NIGHT,MONDAY,20:00:00,08:00:00,,,12.0,MALE,,BARNET,1,10,t
191,Elm Court No. 14,WAKING_NIGHT,TUESDAY,20:00:00,08:00:00,,,12.0,ANY,,BARNET,1,10,t
192,Elm Court No. 14,WAKING_NIGHT,WEDNESDAY,20:00:00,08:00:00,,,12.0,MALE,,BARNET,1,10,t
193,Elm Court No. 14,WAKING_NIGHT,THURSDAY,20:00:00,08:00:00,,,12.0,ANY,,BARNET,1,10,t
194,Elm Court No. 14,WAKING_NIGHT,FRIDAY,20:00:00,08:00:00,,,12.0,MALE,,BARNET,1,10,t
195,Elm Court No. 14,WAKING_NIGHT,SATURDAY,20:00:00,08:00:00,,,12.0,ANY,,BARNET,1,10,t
196,Elm Court No. 14,WAKING_NIGHT,SUNDAY,20:00:00,08:00:00,,,12.0,ANY,,BARNET,1,10,t
197,Foxglove Avenue No. 15,DAY,MONDAY,08:00:00,20:00:00,,,11.0,ANY,,BARNET,1,10,t
198,Foxglove Avenue No. 15,DAY,TUESDAY,08:00:00,20:00:00,,,11.0,FEMALE,,BARNET,1,10,t
199,Foxglove Avenue No. 15,DAY,WEDNESDAY,08:00:00,20:00:00,,,11.0,FEMALE,,BARNET,1,10,t
200,Foxglove Avenue No. 15,DAY,THURSDAY,08:00:00,20:00:00,,,11.0,FEMALE,,BARNET,1,10,t
201,Foxglove Avenue No. 15,DAY,FRIDAY,08:00:00,20:00:00,,,11.0,FEMALE,,BARNET,1,10,t
202,Foxglove Avenue No. 15,DAY,SATURDAY,08:00:00,20:00:00,,,11.0,FEMALE,,BARNET,1,10,t
203,Foxglove Avenue No. 15,DAY,SUNDAY,08:00:00,20:00:00,,,11.0,FEMALE,,BARNET,1,10,t
204,Chestnut Road No. 16,DAY,MONDAY,08:00:00,20:00:00,,,11.0,MALE,,BARNET,1,10,t
205,Chestnut Road No. 16,DAY,TUESDAY,08:00:00,20:00:00,,,11.0,ANY,,BARNET,1,10,t
206,Chestnut Road No. 16,DAY,WEDNESDAY,08:00:00,20:00:00,,,11.0,ANY,BUCCAL,BARNET,1,10,t
207,Chestnut Road No. 16,DAY,THURSDAY,08:00:00,20:00:00,,,11.0,ANY,,BARNET,1,10,t
208,Chestnut Road No. 16,DAY,FRIDAY,08:00:00,20:00:00,,,11.0,MALE,,BARNET,1,10,t
209,Chestnut Road No. 16,DAY,SATURDAY,08:00:00,20:00:00,,,11.0,ANY,,BARNET,1,10,t
210,Chestnut Road No. 16,DAY,SUNDAY,08:00:00,20:00:00,,,11.0,MALE,,BARNET,1,10,t
211,Chestnut Road No. 16,FLOATING,MONDAY,12:00:00,14:00:00,,,2.0,ANY,,BARNET,1,10,t
212,Chestnut Road No. 16,FLOATING,TUESDAY,12:00:00,14:00:00,,,2.0,ANY,,BARNET,1,10,t
213,Chestnut Road No. 16,FLOATING,WEDNESDAY,12:00:00,14:00:00,,,2.0,ANY,,BARNET,1,10,t
214,Chestnut Road No. 16,FLOATING,THURSDAY,12:00:00,14:00:00,,,2.0,ANY,,BARNET,1,10,t
215,Chestnut Road No. 16,FLOATING,FRIDAY,12:00:00,14:00:00,,,2.0,ANY,BUCCAL,BARNET,1,10,t
216,Chestnut Road No. 16,FLOATING,SATURDAY,12:00:00,14:00:00,,,2.0,ANY,,BARNET,1,10,t
217,Chestnut Road No. 16,FLOATING,SUNDAY,12:00:00,14:00:00,,,2.0,ANY,,BARNET,1,10,t
218,Willow Gardens No. 17,DAY,MONDAY,08:00:00,20:00:00,,,11.0,MALE,,BARNET,1,10,t
219,Willow Gardens No. 17,DAY,TUESDAY,08:00:00,20:00:00,,,11.0,MALE,,BARNET,1,10,t
220,Willow Gardens No. 17,DAY,WEDNESDAY,08:00:00,20:00:00,,,11.0,MALE,,BARNET,1,10,t
221,Willow Gardens No. 17,DAY,THURSDAY,08:00:00,20:00:00,,,11.0,MALE,,BARNET,1,10,t
222,Willow Gardens No. 17,DAY,FRIDAY,08:00:00,20:00:00,,,11.0,MALE,,BARNET,1,10,t
223,Willow Gardens No. 17,DAY,SATURDAY,08:00:00,20:00:00,,,11.0,ANY,,BARNET,1,10,t
224,Willow Gardens No. 17,DAY,SUNDAY,08:00:00,20:00:00,,,11.0,MALE,,BARNET,1,10,t
225,Fairview Road No. 18,FLOATING,MONDAY,12:00:00,14:00:00,,,2.0,ANY,,BARNET,1,10,t
226,Fairview Road No. 18,FLOATING,TUESDAY,12:00:00,14:00:00,,,2.0,ANY,,BARNET,1,10,t
227,Fairview Road No. 18,FLOATING,WEDNESDAY,12:00:00,14:00:00,,,2.0,ANY,,BARNET,1,10,t
228,Fairview Road No. 18,FLOATING,THURSDAY,12:00:00,14:00:00,,,2.0,ANY,,BARNET,1,10,t
229,Fairview Road No. 18,FLOATING,FRIDAY,12:00:00,14:00:00,,,2.0,ANY,,BARNET,1,10,t
230,Fairview Road No. 18,FLOATING,SATURDAY,12:00:00,14:00:00,,,2.0,ANY,,BARNET,1,10,t
231,Fairview Road No. 18,FLOATING,SUNDAY,12:00:00,14:00:00,,,2.0,ANY,BUCCAL,BARNET,1,10,t
232,Fairview Road No. 18,SLEEP_IN,MONDAY,22:00:00,07:00:00,,,9.0,FEMALE,,BARNET,1,10,t
233,Fairview Road No. 18,SLEEP_IN,TUESDAY,22:00:00,07:00:00,,,9.0,ANY,,BARNET,1,10,t
234,Fairview Road No. 18,SLEEP_IN,WEDNESDAY,22:00:00,07:00:00,,,9.0,ANY,,BARNET,1,10,t
235,Fairview Road No. 18,SLEEP_IN,THURSDAY,22:00:00,07:00:00,,,9.0,FEMALE,,BARNET,1,10,t
236,Fairview Road No. 18,SLEEP_IN,FRIDAY,22:00:00,07:00:00,,,9.0,FEMALE,,BARNET,1,10,t
237,Fairview Road No. 18,SLEEP_IN,SATURDAY,22:00:00,07:00:00,,,9.0,ANY,,BARNET,1,10,t
238,Fairview Road No. 18,SLEEP_IN,SUNDAY,22:00:00,07:00:00,,,9.0,ANY,,BARNET,1,10,t
239,Sycamore Close No. 19,DAY,MONDAY,08:00:00,20:00:00,,,11.0,FEMALE,,BARNET,1,10,t
240,Sycamore Close No. 19,DAY,TUESDAY,08:00:00,20:00:00,,,11.0,FEMALE,,BARNET,1,10,t
241,Sycamore Close No. 19,DAY,WEDNESDAY,08:00:00,20:00:00,,,11.0,ANY,,BARNET,1,10,t
242,Sycamore Close No. 19,DAY,THURSDAY,08:00:00,20:00:00,,,11.0,FEMALE,,BARNET,1,10,t
243,Sycamore Close No. 19,DAY,FRIDAY,08:00:00,20:00:00,,,11.0,FEMALE,,BARNET,1,10,t
244,Sycamore Close No. 19,DAY,SATURDAY,08:00:00,20:00:00,,,11.0,FEMALE,,BARNET,1,10,t
245,Sycamore Close No. 19,DAY,SUNDAY,08:00:00,20:00:00,,,11.0,ANY,,BARNET,1,10,t
246,Sycamore Close No. 19,WAKING_NIGHT,MONDAY,20:00:00,08:00:00,,,12.0,FEMALE,,BARNET,1,10,t
247,Sycamore Close No. 19,WAKING_NIGHT,TUESDAY,20:00:00,08:00:00,,,12.0,ANY,,BARNET,1,10,t
248,Sycamore Close No. 19,WAKING_NIGHT,WEDNESDAY,20:00:00,08:00:00,,,12.0,FEMALE,,BARNET,1,10,t
249,Sycamore Close No. 19,WAKING_NIGHT,THURSDAY,20:00:00,08:00:00,,,12.0,FEMALE,,BARNET,1,10,t
250,Sycamore Close No. 19,WAKING_NIGHT,FRIDAY,20:00:00,08:00:00,,,12.0,FEMALE,,BARNET,1,10,t
251,Sycamore Close No. 19,WAKING_NIGHT,SATURDAY,20:00:00,08:00:00,,,12.0,FEMALE,,BARNET,1,10,t
252,Sycamore Close No. 19,WAKING_NIGHT,SUNDAY,20:00:00,08:00:00,,,12.0,FEMALE,,BARNET,1,10,t
253,Chestnut Lodge No. 20,DAY,MONDAY,08:00:00,20:00:00,,,11.0,MALE,,BARNET,2,10,t
254,Chestnut Lodge No. 20,DAY,TUESDAY,08:00:00,20:00:00,,,11.0,MALE,,BARNET,1,10,t
255,Chestnut Lodge No. 20,DAY,WEDNESDAY,08:00:00,20:00:00,,,11.0,MALE,,BARNET,1,10,t
256,Chestnut Lodge No. 20,DAY,THURSDAY,08:00:00,20:00:00,,,11.0,ANY,,BARNET,1,10,t
257,Chestnut Lodge No. 20,DAY,FRIDAY,08:00:00,20:00:00,,,11.0,MALE,,BARNET,1,10,t
258,Chestnut Lodge No. 20,DAY,SATURDAY,08:00:00,20:00:00,,,11.0,ANY,,BARNET,1,10,t
259,Chestnut Lodge No. 20,DAY,SUNDAY,08:00:00,20:00:00,,,11.0,MALE,,BARNET,1,10,t
260,Priory Road No. 21,DAY,MONDAY,08:00:00,20:00:00,,,11.0,ANY,,BARNET,1,10,t
261,Priory Road No. 21,DAY,TUESDAY,08:00:00,20:00:00,,,11.0,ANY,,BARNET,1,10,t
262,Priory Road No. 21,DAY,WEDNESDAY,08:00:00,20:00:00,,,11.0,ANY,,BARNET,1,10,t
263,Priory Road No. 21,DAY,THURSDAY,08:00:00,20:00:00,,,11.0,ANY,,BARNET,1,10,t
264,Priory Road No. 21,DAY,FRIDAY,08:00:00,20:00:00,,,11.0,ANY,,BARNET,1,10,t
265,Priory Road No. 21,DAY,SATURDAY,08:00:00,20:00:00,,,11.0,ANY,,BARNET,1,10,t
266,Priory Road No. 21,DAY,SUNDAY,08:00:00,20:00:00,,,11.0,ANY,,BARNET,1,10,t
267,Priory Road No. 21,WAKING_NIGHT,MONDAY,20:00:00,08:00:00,,,12.0,ANY,,BARNET,1,10,t
268,Priory Road No. 21,WAKING_NIGHT,TUESDAY,20:00:00,08:00:00,,,12.0,ANY,,BARNET,1,10,t
269,Priory Road No. 21,WAKING_NIGHT,WEDNESDAY,20:00:00,08:00:00,,,12.0,ANY,BUCCAL,BARNET,1,10,t
270,Priory Road No. 21,WAKING_NIGHT,THURSDAY,20:00:00,08:00:00,,,12.0,ANY,,BARNET,1,10,t
271,Priory Road No. 21,WAKING_NIGHT,FRIDAY,20:00:00,08:00:00,,,12.0,ANY,,BARNET,1,10,t
272,Priory Road No. 21,WAKING_NIGHT,SATURDAY,20:00:00,08:00:00,,,12.0,ANY,BUCCAL,BARNET,1,10,t
273,Priory Road No. 21,WAKING_NIGHT,SUNDAY,20:00:00,08:00:00,,,12.0,ANY,,BARNET,1,10,t
274,Cedar House No. 22,WAKING_NIGHT,MONDAY,20:00:00,08:00:00,,,12.0,MALE,,BARNET,1,10,t
275,Cedar House No. 22,WAKING_NIGHT,TUESDAY,20:00:00,08:00:00,,,12.0,MALE,,BARNET,1,10,t
276,Cedar House No. 22,WAKING_NIGHT,WEDNESDAY,20:00:00,08:00:00,,,12.0,ANY,,BARNET,1,10,t
277,Cedar House No. 22,WAKING_NIGHT,THURSDAY,20:00:00,08:00:00,,,12.0,MALE,,BARNET,1,10,t
278,Cedar House No. 22,WAKING_NIGHT,FRIDAY,20:00:00,08:00:00,,,12.0,MALE,,BARNET,1,10,t
279,Cedar House No. 22,WAKING_NIGHT,SATURDAY,20:00:00,08:00:00,,,12.0,ANY,,BARNET,1,10,t
280,Cedar House No. 22,WAKING_NIGHT,SUNDAY,20:00:00,08:00:00,,,12.0,MALE,,BARNET,1,10,t
281,Birchwood Gardens No. 23,DAY,MONDAY,08:00:00,20:00:00,,,11.0,FEMALE,,BARNET,1,10,t
282,Birchwood Gardens No. 23,DAY,TUESDAY,08:00:00,20:00:00,,,11.0,FEMALE,,BARNET,1,10,t
283,Birchwood Gardens No. 23,DAY,WEDNESDAY,08:00:00,20:00:00,,,11.0,FEMALE,,BARNET,1,10,t
284,Birchwood Gardens No. 23,DAY,THURSDAY,08:00:00,20:00:00,,,11.0,FEMALE,,BARNET,1,10,t
285,Birchwood Gardens No. 23,DAY,FRIDAY,08:00:00,20:00:00,,,11.0,FEMALE,,BARNET,1,10,t
286,Birchwood Gardens No. 23,DAY,SATURDAY,08:00:00,20:00:00,,,11.0,FEMALE,,BARNET,1,10,t
287,Birchwood Gardens No. 23,DAY,SUNDAY,08:00:00,20:00:00,,,11.0,FEMALE,,BARNET,1,10,t
288,Birchwood Gardens No. 23,LONG_DAY,MONDAY,07:00:00,22:00:00,12:00:00,14:00:00,13.0,FEMALE,,BARNET,1,10,t
289,Birchwood Gardens No. 23,LONG_DAY,TUESDAY,07:00:00,22:00:00,12:00:00,14:00:00,13.0,FEMALE,,BARNET,1,10,t
290,Birchwood Gardens No. 23,LONG_DAY,WEDNESDAY,07:00:00,22:00:00,12:00:00,14:00:00,13.0,ANY,,BARNET,1,10,t
291,Birchwood Gardens No. 23,LONG_DAY,THURSDAY,07:00:00,22:00:00,12:00:00,14:00:00,13.0,FEMALE,,BARNET,1,10,t
292,Birchwood Gardens No. 23,LONG_DAY,FRIDAY,07:00:00,22:00:00,12:00:00,14:00:00,13.0,FEMALE,,BARNET,1,10,t
293,Birchwood Gardens No. 23,LONG_DAY,SATURDAY,07:00:00,22:00:00,12:00:00,14:00:00,13.0,ANY,,BARNET,1,10,t
294,Birchwood Gardens No. 23,LONG_DAY,SUNDAY,07:00:00,22:00:00,12:00:00,14:00:00,13.0,ANY,,BARNET,1,10,t
295,Birchwood Gardens No. 23,CARE_CALL,MONDAY,06:30:00,21:30:00,,,12.0,FEMALE,,BARNET,1,1,t
296,Birchwood Gardens No. 23,CARE_CALL,TUESDAY,06:30:00,21:30:00,,,12.0,FEMALE,,BARNET,1,1,t
297,Birchwood Gardens No. 23,CARE_CALL,WEDNESDAY,06:30:00,21:30:00,,,12.0,ANY,BUCCAL,BARNET,1,1,t
298,Birchwood Gardens No. 23,CARE_CALL,THURSDAY,06:30:00,21:30:00,,,12.0,FEMALE,,BARNET,1,1,t
299,Birchwood Gardens No. 23,CARE_CALL,FRIDAY,06:30:00,21:30:00,,,12.0,ANY,,BARNET,1,1,t
300,Birchwood Gardens No. 23,CARE_CALL,SATURDAY,06:30:00,21:30:00,,,12.0,FEMALE,,BARNET,1,1,t
301,Birchwood Gardens No. 23,CARE_CALL,SUNDAY,06:30:00,21:30:00,,,12.0,FEMALE,,BARNET,1,1,t
302,Maple Court No. 24,DAY,MONDAY,08:00:00,20:00:00,,,11.0,ANY,,BARNET,1,10,t
303,Maple Court No. 24,DAY,TUESDAY,08:00:00,20:00:00,,,11.0,MALE,,BARNET,1,10,t
304,Maple Court No. 24,DAY,WEDNESDAY,08:00:00,20:00:00,,,11.0,ANY,,BARNET,1,10,t
305,Maple Court No. 24,DAY,THURSDAY,08:00:00,20:00:00,,,11.0,ANY,,BARNET,1,10,t
306,Maple Court No. 24,DAY,FRIDAY,08:00:00,20:00:00,,,11.0,ANY,,BARNET,1,10,t
307,Maple Court No. 24,DAY,SATURDAY,08:00:00,20:00:00,,,11.0,MALE,,BARNET,1,10,t
308,Maple Court No. 24,DAY,SUNDAY,08:00:00,20:00:00,,,11.0,MALE,,BARNET,1,10,t
309,Maple Court No. 24,WAKING_NIGHT,MONDAY,20:00:00,08:00:00,,,12.0,MALE,,BARNET,1,10,t
310,Maple Court No. 24,WAKING_NIGHT,TUESDAY,20:00:00,08:00:00,,,12.0,MALE,,BARNET,1,10,t
311,Maple Court No. 24,WAKING_NIGHT,WEDNESDAY,20:00:00,08:00:00,,,12.0,MALE,,BARNET,1,10,t
312,Maple Court No. 24,WAKING_NIGHT,THURSDAY,20:00:00,08:00:00,,,12.0,MALE,,BARNET,1,10,t
313,Maple Court No. 24,WAKING_NIGHT,FRIDAY,20:00:00,08:00:00,,,12.0,MALE,,BARNET,1,10,t
314,Maple Court No. 24,WAKING_NIGHT,SATURDAY,20:00:00,08:00:00,,,12.0,MALE,,BARNET,1,10,t
315,Maple Court No. 24,WAKING_NIGHT,SUNDAY,20:00:00,08:00:00,,,12.0,MALE,,BARNET,1,10,t
316,Maple Court No. 24,SLEEP_IN,MONDAY,22:00:00,07:00:00,,,9.0,MALE,,BARNET,1,10,t
317,Maple Court No. 24,SLEEP_IN,TUESDAY,22:00:00,07:00:00,,,9.0,MALE,,BARNET,1,10,t
318,Maple Court No. 24,SLEEP_IN,WEDNESDAY,22:00:00,07:00:00,,,9.0,MALE,,BARNET,1,10,t
319,Maple Court No. 24,SLEEP_IN,THURSDAY,22:00:00,07:00:00,,,9.0,ANY,,BARNET,1,10,t
320,Maple Court No. 24,SLEEP_IN,FRIDAY,22:00:00,07:00:00,,,9.0,MALE,,BARNET,1,10,t
321,Maple Court No. 24,SLEEP_IN,SATURDAY,22:00:00,07:00:00,,,9.0,MALE,BUCCAL,BARNET,1,10,t
322,Maple Court No. 24,SLEEP_IN,SUNDAY,22:00:00,07:00:00,,,9.0,MALE,,BARNET,1,10,t
323,Langley Road No. 25,DAY,MONDAY,08:00:00,20:00:00,,,11.0,MALE,,BARNET,1,10,t
324,Langley Road No. 25,DAY,TUESDAY,08:00:00,20:00:00,,,11.0,MALE,,BARNET,1,10,t
325,Langley Road No. 25,DAY,WEDNESDAY,08:00:00,20:00:00,,,11.0,MALE,,BARNET,1,10,t
326,Langley Road No. 25,DAY,THURSDAY,08:00:00,20:00:00,,,11.0,MALE,,BARNET,1,10,t
327,Langley Road No. 25,DAY,FRIDAY,08:00:00,20:00:00,,,11.0,ANY,,BARNET,1,10,t
328,Langley Road No. 25,DAY,SATURDAY,08:00:00,20:00:00,,,11.0,MALE,,BARNET,1,10,t
329,Langley Road No. 25,DAY,SUNDAY,08:00:00,20:00:00,,,11.0,MALE,,BARNET,1,10,t
330,Langley Road No. 25,WAKING_NIGHT,MONDAY,20:00:00,08:00:00,,,12.0,ANY,,BARNET,1,10,t
331,Langley Road No. 25,WAKING_NIGHT,TUESDAY,20:00:00,08:00:00,,,12.0,MALE,,BARNET,1,10,t
332,Langley Road No. 25,WAKING_NIGHT,WEDNESDAY,20:00:00,08:00:00,,,12.0,MALE,,BARNET,1,10,t
333,Langley Road No. 25,WAKING_NIGHT,THURSDAY,20:00:00,08:00:00,,,12.0,MALE,,BARNET,1,10,t
334,Langley Road No. 25,WAKING_NIGHT,FRIDAY,20:00:00,08:00:00,,,12.0,ANY,,BARNET,1,10,t
335,Langley Road No. 25,WAKING_NIGHT,SATURDAY,20:00:00,08:00:00,,,12.0,MALE,,BARNET,1,10,t
336,Langley Road No. 25,WAKING_NIGHT,SUNDAY,20:00:00,08:00:00,,,12.0,MALE,,BARNET,1,10,t
337,Langley Road No. 25,FLOATING,MONDAY,12:00:00,14:00:00,,,2.0,ANY,,BARNET,1,10,t
338,Langley Road No. 25,FLOATING,TUESDAY,12:00:00,14:00:00,,,2.0,ANY,,BARNET,1,10,t
339,Langley Road No. 25,FLOATING,WEDNESDAY,12:00:00,14:00:00,,,2.0,ANY,,BARNET,1,10,t
340,Langley Road No. 25,FLOATING,THURSDAY,12:00:00,14:00:00,,,2.0,ANY,,BARNET,1,10,t
341,Langley Road No. 25,FLOATING,FRIDAY,12:00:00,14:00:00,,,2.0,ANY,,BARNET,1,10,t
342,Langley Road No. 25,FLOATING,SATURDAY,12:00:00,14:00:00,,,2.0,ANY,,BARNET,1,10,t
343,Langley Road No. 25,FLOATING,SUNDAY,12:00:00,14:00:00,,,2.0,ANY,,BARNET,1,10,t
344,Langley Road No. 25,LONG_DAY,MONDAY,07:00:00,22:00:00,12:00:00,14:00:00,13.0,MALE,,BARNET,1,10,t
345,Langley Road No. 25,LONG_DAY,TUESDAY,07:00:00,22:00:00,12:00:00,14:00:00,13.0,ANY,,BARNET,1,10,t
346,Langley Road No. 25,LONG_DAY,WEDNESDAY,07:00:00,22:00:00,12:00:00,14:00:00,13.0,MALE,,BARNET,1,10,t
347,Langley Road No. 25,LONG_DAY,THURSDAY,07:00:00,22:00:00,12:00:00,14:00:00,13.0,ANY,,BARNET,1,10,t
348,Langley Road No. 25,LONG_DAY,FRIDAY,07:00:00,22:00:00,12:00:00,14:00:00,13.0,MALE,,BARNET,1,10,t
349,Langley Road No. 25,LONG_DAY,SATURDAY,07:00:00,22:00:00,12:00:00,14:00:00,13.0,ANY,,BARNET,1,10,t
350,Langley Road No. 25,LONG_DAY,SUNDAY,07:00:00,22:00:00,12:00:00,14:00:00,13.0,MALE,,BARNET,1,10,t
351,Riverside Road No. 26,DAY,MONDAY,08:00:00,20:00:00,,,11.0,MALE,,BARNET,1,10,t
352,Riverside Road No. 26,DAY,TUESDAY,08:00:00,20:00:00,,,11.0,MALE,,BARNET,1,10,t
353,Riverside Road No. 26,DAY,WEDNESDAY,08:00:00,20:00:00,,,11.0,MALE,,BARNET,1,10,t
354,Riverside Road No. 26,DAY,THURSDAY,08:00:00,20:00:00,,,11.0,ANY,BUCCAL,BARNET,1,10,t
355,Riverside Road No. 26,DAY,FRIDAY,08:00:00,20:00:00,,,11.0,MALE,,BARNET,1,10,t
356,Riverside Road No. 26,DAY,SATURDAY,08:00:00,20:00:00,,,11.0,MALE,,BARNET,1,10,t
357,Riverside Road No. 26,DAY,SUNDAY,08:00:00,20:00:00,,,11.0,MALE,,BARNET,1,10,t
358,Riverside Road No. 26,WAKING_NIGHT,MONDAY,20:00:00,08:00:00,,,12.0,MALE,,BARNET,1,10,t
359,Riverside Road No. 26,WAKING_NIGHT,TUESDAY,20:00:00,08:00:00,,,12.0,MALE,,BARNET,1,10,t
360,Riverside Road No. 26,WAKING_NIGHT,WEDNESDAY,20:00:00,08:00:00,,,12.0,MALE,,BARNET,1,10,t
361,Riverside Road No. 26,WAKING_NIGHT,THURSDAY,20:00:00,08:00:00,,,12.0,ANY,,BARNET,1,10,t
362,Riverside Road No. 26,WAKING_NIGHT,FRIDAY,20:00:00,08:00:00,,,12.0,ANY,,BARNET,1,10,t
363,Riverside Road No. 26,WAKING_NIGHT,SATURDAY,20:00:00,08:00:00,,,12.0,ANY,,BARNET,1,10,t
364,Riverside Road No. 26,WAKING_NIGHT,SUNDAY,20:00:00,08:00:00,,,12.0,ANY,,BARNET,1,10,t
365,Riverside Road No. 26,SLEEP_IN,MONDAY,22:00:00,07:00:00,,,9.0,MALE,,BARNET,1,10,t
366,Riverside Road No. 26,SLEEP_IN,TUESDAY,22:00:00,07:00:00,,,9.0,MALE,,BARNET,1,10,t
367,Riverside Road No. 26,SLEEP_IN,WEDNESDAY,22:00:00,07:00:00,,,9.0,MALE,,BARNET,1,10,t
368,Riverside Road No. 26,SLEEP_IN,THURSDAY,22:00:00,07:00:00,,,9.0,MALE,,BARNET,1,10,t
369,Riverside Road No. 26,SLEEP_IN,FRIDAY,22:00:00,07:00:00,,,9.0,MALE,,BARNET,1,10,t
370,Riverside Road No. 26,SLEEP_IN,SATURDAY,22:00:00,07:00:00,,,9.0,MALE,,BARNET,1,10,t
371,Riverside Road No. 26,SLEEP_IN,SUNDAY,22:00:00,07:00:00,,,9.0,ANY,,BARNET,1,10,t
372,Meadow House No. 27,LONG_DAY,MONDAY,07:00:00,22:00:00,12:00:00,14:00:00,13.0,FEMALE,,BARNET,1,10,t
373,Meadow House No. 27,LONG_DAY,TUESDAY,07:00:00,22:00:00,12:00:00,14:00:00,13.0,FEMALE,,BARNET,1,10,t
374,Meadow House No. 27,LONG_DAY,WEDNESDAY,07:00:00,22:00:00,12:00:00,14:00:00,13.0,FEMALE,,BARNET,1,10,t
375,Meadow House No. 27,LONG_DAY,THURSDAY,07:00:00,22:00:00,12:00:00,14:00:00,13.0,FEMALE,,BARNET,1,10,t
376,Meadow House No. 27,LONG_DAY,FRIDAY,07:00:00,22:00:00,12:00:00,14:00:00,13.0,FEMALE,,BARNET,1,10,t
377,Meadow House No. 27,LONG_DAY,SATURDAY,07:00:00,22:00:00,12:00:00,14:00:00,13.0,FEMALE,,BARNET,1,10,t
378,Meadow House No. 27,LONG_DAY,SUNDAY,07:00:00,22:00:00,12:00:00,14:00:00,13.0,ANY,,BARNET,1,10,t
379,Sunnybank House No. 28,DAY,MONDAY,08:00:00,20:00:00,,,11.0,ANY,,BARNET,1,10,t
380,Sunnybank House No. 28,DAY,TUESDAY,08:00:00,20:00:00,,,11.0,ANY,,BARNET,1,10,t
381,Sunnybank House No. 28,DAY,WEDNESDAY,08:00:00,20:00:00,,,11.0,ANY,,BARNET,1,10,t
382,Sunnybank House No. 28,DAY,THURSDAY,08:00:00,20:00:00,,,11.0,ANY,,BARNET,2,10,t
383,Sunnybank House No. 28,DAY,FRIDAY,08:00:00,20:00:00,,,11.0,ANY,,BARNET,1,10,t
384,Sunnybank House No. 28,DAY,SATURDAY,08:00:00,20:00:00,,,11.0,ANY,,BARNET,1,10,t
385,Sunnybank House No. 28,DAY,SUNDAY,08:00:00,20:00:00,,,11.0,ANY,,BARNET,1,10,t
386,Sunnybank House No. 28,LONG_DAY,MONDAY,07:00:00,22:00:00,12:00:00,14:00:00,13.0,ANY,,BARNET,1,10,t
387,Sunnybank House No. 28,LONG_DAY,TUESDAY,07:00:00,22:00:00,12:00:00,14:00:00,13.0,ANY,BUCCAL,BARNET,1,10,t
388,Sunnybank House No. 28,LONG_DAY,WEDNESDAY,07:00:00,22:00:00,12:00:00,14:00:00,13.0,ANY,,BARNET,1,10,t
389,Sunnybank House No. 28,LONG_DAY,THURSDAY,07:00:00,22:00:00,12:00:00,14:00:00,13.0,ANY,,BARNET,1,10,t
390,Sunnybank House No. 28,LONG_DAY,FRIDAY,07:00:00,22:00:00,12:00:00,14:00:00,13.0,ANY,,BARNET,1,10,t
391,Sunnybank House No. 28,LONG_DAY,SATURDAY,07:00:00,22:00:00,12:00:00,14:00:00,13.0,ANY,,BARNET,1,10,t
392,Sunnybank House No. 28,LONG_DAY,SUNDAY,07:00:00,22:00:00,12:00:00,14:00:00,13.0,ANY,BUCCAL,BARNET,1,10,t
393,Sycamore Lodge No. 29,DAY,MONDAY,08:00:00,20:00:00,,,11.0,FEMALE,,BARNET,1,10,t
394,Sycamore Lodge No. 29,DAY,TUESDAY,08:00:00,20:00:00,,,11.0,ANY,,BARNET,1,10,t
395,Sycamore Lodge No. 29,DAY,WEDNESDAY,08:00:00,20:00:00,,,11.0,FEMALE,,BARNET,1,10,t
396,Sycamore Lodge No. 29,DAY,THURSDAY,08:00:00,20:00:00,,,11.0,FEMALE,,BARNET,1,10,t
397,Sycamore Lodge No. 29,DAY,FRIDAY,08:00:00,20:00:00,,,11.0,ANY,,BARNET,1,10,t
398,Sycamore Lodge No. 29,DAY,SATURDAY,08:00:00,20:00:00,,,11.0,ANY,,BARNET,1,10,t
399,Sycamore Lodge No. 29,DAY,SUNDAY,08:00:00,20:00:00,,,11.0,FEMALE,,BARNET,1,10,t
400,Sycamore Lodge No. 29,WAKING_NIGHT,MONDAY,20:00:00,08:00:00,,,12.0,FEMALE,,BARNET,1,10,t
401,Sycamore Lodge No. 29,WAKING_NIGHT,TUESDAY,20:00:00,08:00:00,,,12.0,FEMALE,,BARNET,1,10,t
402,Sycamore Lodge No. 29,WAKING_NIGHT,WEDNESDAY,20:00:00,08:00:00,,,12.0,ANY,,BARNET,1,10,t
403,Sycamore Lodge No. 29,WAKING_NIGHT,THURSDAY,20:00:00,08:00:00,,,12.0,FEMALE,BUCCAL,BARNET,1,10,t
404,Sycamore Lodge No. 29,WAKING_NIGHT,FRIDAY,20:00:00,08:00:00,,,12.0,FEMALE,,BARNET,1,10,t
405,Sycamore Lodge No. 29,WAKING_NIGHT,SATURDAY,20:00:00,08:00:00,,,12.0,ANY,,BARNET,1,10,t
406,Sycamore Lodge No. 29,WAKING_NIGHT,SUNDAY,20:00:00,08:00:00,,,12.0,ANY,,BARNET,1,10,t
407,Sycamore Lodge No. 29,LONG_DAY,MONDAY,07:00:00,22:00:00,12:00:00,14:00:00,13.0,FEMALE,,BARNET,2,10,t
408,Sycamore Lodge No. 29,LONG_DAY,TUESDAY,07:00:00,22:00:00,12:00:00,14:00:00,13.0,FEMALE,,BARNET,1,10,t
409,Sycamore Lodge No. 29,LONG_DAY,WEDNESDAY,07:00:00,22:00:00,12:00:00,14:00:00,13.0,FEMALE,,BARNET,1,10,t
410,Sycamore Lodge No. 29,LONG_DAY,THURSDAY,07:00:00,22:00:00,12:00:00,14:00:00,13.0,FEMALE,,BARNET,1,10,t
411,Sycamore Lodge No. 29,LONG_DAY,FRIDAY,07:00:00,22:00:00,12:00:00,14:00:00,13.0,FEMALE,,BARNET,1,10,t
412,Sycamore Lodge No. 29,LONG_DAY,SATURDAY,07:00:00,22:00:00,12:00:00,14:00:00,13.0,FEMALE,,BARNET,1,10,t
413,Sycamore Lodge No. 29,LONG_DAY,SUNDAY,07:00:00,22:00:00,12:00:00,14:00:00,13.0,FEMALE,,BARNET,1,10,t
414,Sycamore Lodge No. 29,SLEEP_IN,MONDAY,22:00:00,07:00:00,,,9.0,FEMALE,,BARNET,1,10,t
415,Sycamore Lodge No. 29,SLEEP_IN,TUESDAY,22:00:00,07:00:00,,,9.0,FEMALE,,BARNET,1,10,t
416,Sycamore Lodge No. 29,SLEEP_IN,WEDNESDAY,22:00:00,07:00:00,,,9.0,ANY,,BARNET,1,10,t
417,Sycamore Lodge No. 29,SLEEP_IN,THURSDAY,22:00:00,07:00:00,,,9.0,ANY,BUCCAL,BARNET,1,10,t
418,Sycamore Lodge No. 29,SLEEP_IN,FRIDAY,22:00:00,07:00:00,,,9.0,FEMALE,,BARNET,1,10,t
419,Sycamore Lodge No. 29,SLEEP_IN,SATURDAY,22:00:00,07:00:00,,,9.0,FEMALE,,BARNET,1,10,t
420,Sycamore Lodge No. 29,SLEEP_IN,SUNDAY,22:00:00,07:00:00,,,9.0,FEMALE,,BARNET,1,10,t
421,Hillcrest Court No. 30,DAY,MONDAY,08:00:00,20:00:00,,,11.0,MALE,,BARNET,1,10,t
422,Hillcrest Court No. 30,DAY,TUESDAY,08:00:00,20:00:00,,,11.0,ANY,,BARNET,2,10,t
423,Hillcrest Court No. 30,DAY,WEDNESDAY,08:00:00,20:00:00,,,11.0,MALE,,BARNET,1,10,t
424,Hillcrest Court No. 30,DAY,THURSDAY,08:00:00,20:00:00,,,11.0,MALE,,BARNET,1,10,t
425,Hillcrest Court No. 30,DAY,FRIDAY,08:00:00,20:00:00,,,11.0,MALE,,BARNET,1,10,t
426,Hillcrest Court No. 30,DAY,SATURDAY,08:00:00,20:00:00,,,11.0,MALE,,BARNET,1,10,t
427,Hillcrest Court No. 30,DAY,SUNDAY,08:00:00,20:00:00,,,11.0,MALE,,BARNET,1,10,t
428,Larch Road No. 31,DAY,MONDAY,08:00:00,20:00:00,,,11.0,FEMALE,,HERTFORDSHIRE,1,10,t
429,Larch Road No. 31,DAY,TUESDAY,08:00:00,20:00:00,,,11.0,ANY,,HERTFORDSHIRE,1,10,t
430,Larch Road No. 31,DAY,WEDNESDAY,08:00:00,20:00:00,,,11.0,ANY,,HERTFORDSHIRE,1,10,t
431,Larch Road No. 31,DAY,THURSDAY,08:00:00,20:00:00,,,11.0,FEMALE,,HERTFORDSHIRE,1,10,t
432,Larch Road No. 31,DAY,FRIDAY,08:00:00,20:00:00,,,11.0,FEMALE,,HERTFORDSHIRE,1,10,t
433,Larch Road No. 31,DAY,SATURDAY,08:00:00,20:00:00,,,11.0,FEMALE,,HERTFORDSHIRE,1,10,t
434,Larch Road No. 31,DAY,SUNDAY,08:00:00,20:00:00,,,11.0,FEMALE,,HERTFORDSHIRE,1,10,t
435,Larch Road No. 31,WAKING_NIGHT,MONDAY,20:00:00,08:00:00,,,12.0,FEMALE,,HERTFORDSHIRE,1,10,t
436,Larch Road No. 31,WAKING_NIGHT,TUESDAY,20:00:00,08:00:00,,,12.0,FEMALE,,HERTFORDSHIRE,1,10,t
437,Larch Road No. 31,WAKING_NIGHT,WEDNESDAY,20:00:00,08:00:00,,,12.0,FEMALE,,HERTFORDSHIRE,1,10,t
438,Larch Road No. 31,WAKING_NIGHT,THURSDAY,20:00:00,08:00:00,,,12.0,FEMALE,,HERTFORDSHIRE,1,10,t
439,Larch Road No. 31,WAKING_NIGHT,FRIDAY,20:00:00,08:00:00,,,12.0,FEMALE,,HERTFORDSHIRE,1,10,t
440,Larch Road No. 31,WAKING_NIGHT,SATURDAY,20:00:00,08:00:00,,,12.0,FEMALE,,HERTFORDSHIRE,1,10,t
441,Larch Road No. 31,WAKING_NIGHT,SUNDAY,20:00:00,08:00:00,,,12.0,FEMALE,,HERTFORDSHIRE,1,10,t
442,Larch Road No. 31,FLOATING,MONDAY,12:00:00,14:00:00,,,2.0,ANY,,HERTFORDSHIRE,1,10,t
443,Larch Road No. 31,FLOATING,TUESDAY,12:00:00,14:00:00,,,2.0,ANY,,HERTFORDSHIRE,1,10,t
444,Larch Road No. 31,FLOATING,WEDNESDAY,12:00:00,14:00:00,,,2.0,ANY,,HERTFORDSHIRE,1,10,t
445,Larch Road No. 31,FLOATING,THURSDAY,12:00:00,14:00:00,,,2.0,ANY,,HERTFORDSHIRE,2,10,t
446,Larch Road No. 31,FLOATING,FRIDAY,12:00:00,14:00:00,,,2.0,ANY,,HERTFORDSHIRE,1,10,t
447,Larch Road No. 31,FLOATING,SATURDAY,12:00:00,14:00:00,,,2.0,ANY,,HERTFORDSHIRE,1,10,t
448,Larch Road No. 31,FLOATING,SUNDAY,12:00:00,14:00:00,,,2.0,ANY,,HERTFORDSHIRE,1,10,t
449,Priory Lodge No. 33,WAKING_NIGHT,MONDAY,20:00:00,08:00:00,,,12.0,ANY,,HERTFORDSHIRE,1,10,t
450,Priory Lodge No. 33,WAKING_NIGHT,TUESDAY,20:00:00,08:00:00,,,12.0,ANY,BUCCAL,HERTFORDSHIRE,1,10,t
451,Priory Lodge No. 33,WAKING_NIGHT,WEDNESDAY,20:00:00,08:00:00,,,12.0,ANY,,HERTFORDSHIRE,1,10,t
452,Priory Lodge No. 33,WAKING_NIGHT,THURSDAY,20:00:00,08:00:00,,,12.0,ANY,,HERTFORDSHIRE,1,10,t
453,Priory Lodge No. 33,WAKING_NIGHT,FRIDAY,20:00:00,08:00:00,,,12.0,ANY,,HERTFORDSHIRE,1,10,t
454,Priory Lodge No. 33,WAKING_NIGHT,SATURDAY,20:00:00,08:00:00,,,12.0,ANY,,HERTFORDSHIRE,1,10,t
455,Priory Lodge No. 33,WAKING_NIGHT,SUNDAY,20:00:00,08:00:00,,,12.0,ANY,,HERTFORDSHIRE,2,10,t
456,Priory Lodge No. 33,LONG_DAY,MONDAY,07:00:00,22:00:00,12:00:00,14:00:00,13.0,ANY,,HERTFORDSHIRE,1,10,t
457,Priory Lodge No. 33,LONG_DAY,TUESDAY,07:00:00,22:00:00,12:00:00,14:00:00,13.0,ANY,,HERTFORDSHIRE,1,10,t
458,Priory Lodge No. 33,LONG_DAY,WEDNESDAY,07:00:00,22:00:00,12:00:00,14:00:00,13.0,ANY,,HERTFORDSHIRE,1,10,t
459,Priory Lodge No. 33,LONG_DAY,THURSDAY,07:00:00,22:00:00,12:00:00,14:00:00,13.0,ANY,,HERTFORDSHIRE,1,10,t
460,Priory Lodge No. 33,LONG_DAY,FRIDAY,07:00:00,22:00:00,12:00:00,14:00:00,13.0,ANY,,HERTFORDSHIRE,1,10,t
461,Priory Lodge No. 33,LONG_DAY,SATURDAY,07:00:00,22:00:00,12:00:00,14:00:00,13.0,ANY,,HERTFORDSHIRE,1,10,t
462,Priory Lodge No. 33,LONG_DAY,SUNDAY,07:00:00,22:00:00,12:00:00,14:00:00,13.0,ANY,,HERTFORDSHIRE,1,10,t
463,Elm Lodge No. 34,DAY,MONDAY,08:00:00,20:00:00,,,11.0,ANY,,HERTFORDSHIRE,1,10,t
464,Elm Lodge No. 34,DAY,TUESDAY,08:00:00,20:00:00,,,11.0,ANY,,HERTFORDSHIRE,1,10,t
465,Elm Lodge No. 34,DAY,WEDNESDAY,08:00:00,20:00:00,,,11.0,ANY,,HERTFORDSHIRE,1,10,t
466,Elm Lodge No. 34,DAY,THURSDAY,08:00:00,20:00:00,,,11.0,FEMALE,,HERTFORDSHIRE,1,10,t
467,Elm Lodge No. 34,DAY,FRIDAY,08:00:00,20:00:00,,,11.0,ANY,,HERTFORDSHIRE,1,10,t
468,Elm Lodge No. 34,DAY,SATURDAY,08:00:00,20:00:00,,,11.0,ANY,,HERTFORDSHIRE,1,10,t
469,Elm Lodge No. 34,DAY,SUNDAY,08:00:00,20:00:00,,,11.0,FEMALE,,HERTFORDSHIRE,1,10,t
470,Elm Lodge No. 34,FLOATING,MONDAY,12:00:00,14:00:00,,,2.0,ANY,,HERTFORDSHIRE,1,10,t
471,Elm Lodge No. 34,FLOATING,TUESDAY,12:00:00,14:00:00,,,2.0,ANY,,HERTFORDSHIRE,1,10,t
472,Elm Lodge No. 34,FLOATING,WEDNESDAY,12:00:00,14:00:00,,,2.0,ANY,BUCCAL,HERTFORDSHIRE,1,10,t
473,Elm Lodge No. 34,FLOATING,THURSDAY,12:00:00,14:00:00,,,2.0,ANY,,HERTFORDSHIRE,1,10,t
474,Elm Lodge No. 34,FLOATING,FRIDAY,12:00:00,14:00:00,,,2.0,ANY,,HERTFORDSHIRE,1,10,t
475,Elm Lodge No. 34,FLOATING,SATURDAY,12:00:00,14:00:00,,,2.0,ANY,BUCCAL,HERTFORDSHIRE,1,10,t
476,Elm Lodge No. 34,FLOATING,SUNDAY,12:00:00,14:00:00,,,2.0,ANY,,HERTFORDSHIRE,1,10,t
477,Elm Lodge No. 34,CARE_CALL,MONDAY,06:30:00,21:30:00,,,12.0,FEMALE,BUCCAL,HERTFORDSHIRE,1,1,t
478,Elm Lodge No. 34,CARE_CALL,TUESDAY,06:30:00,21:30:00,,,12.0,FEMALE,BUCCAL,HERTFORDSHIRE,1,1,t
479,Elm Lodge No. 34,CARE_CALL,WEDNESDAY,06:30:00,21:30:00,,,12.0,ANY,,HERTFORDSHIRE,1,1,t
480,Elm Lodge No. 34,CARE_CALL,THURSDAY,06:30:00,21:30:00,,,12.0,FEMALE,,HERTFORDSHIRE,1,1,t
481,Elm Lodge No. 34,CARE_CALL,FRIDAY,06:30:00,21:30:00,,,12.0,ANY,,HERTFORDSHIRE,1,1,t
482,Elm Lodge No. 34,CARE_CALL,SATURDAY,06:30:00,21:30:00,,,12.0,ANY,,HERTFORDSHIRE,1,1,t
483,Elm Lodge No. 34,CARE_CALL,SUNDAY,06:30:00,21:30:00,,,12.0,FEMALE,,HERTFORDSHIRE,1,1,t
484,Oakfield Gardens No. 35,DAY,MONDAY,08:00:00,20:00:00,,,11.0,ANY,,HERTFORDSHIRE,1,10,t
485,Oakfield Gardens No. 35,DAY,TUESDAY,08:00:00,20:00:00,,,11.0,FEMALE,,HERTFORDSHIRE,1,10,t
486,Oakfield Gardens No. 35,DAY,WEDNESDAY,08:00:00,20:00:00,,,11.0,ANY,,HERTFORDSHIRE,1,10,t
487,Oakfield Gardens No. 35,DAY,THURSDAY,08:00:00,20:00:00,,,11.0,FEMALE,,HERTFORDSHIRE,1,10,t
488,Oakfield Gardens No. 35,DAY,FRIDAY,08:00:00,20:00:00,,,11.0,FEMALE,BUCCAL,HERTFORDSHIRE,1,10,t
489,Oakfield Gardens No. 35,DAY,SATURDAY,08:00:00,20:00:00,,,11.0,FEMALE,,HERTFORDSHIRE,1,10,t
490,Oakfield Gardens No. 35,DAY,SUNDAY,08:00:00,20:00:00,,,11.0,FEMALE,,HERTFORDSHIRE,1,10,t
491,Oakfield Gardens No. 35,WAKING_NIGHT,MONDAY,20:00:00,08:00:00,,,12.0,ANY,,HERTFORDSHIRE,1,10,t
492,Oakfield Gardens No. 35,WAKING_NIGHT,TUESDAY,20:00:00,08:00:00,,,12.0,FEMALE,,HERTFORDSHIRE,1,10,t
493,Oakfield Gardens No. 35,WAKING_NIGHT,WEDNESDAY,20:00:00,08:00:00,,,12.0,FEMALE,,HERTFORDSHIRE,1,10,t
494,Oakfield Gardens No. 35,WAKING_NIGHT,THURSDAY,20:00:00,08:00:00,,,12.0,FEMALE,,HERTFORDSHIRE,1,10,t
495,Oakfield Gardens No. 35,WAKING_NIGHT,FRIDAY,20:00:00,08:00:00,,,12.0,ANY,,HERTFORDSHIRE,1,10,t
496,Oakfield Gardens No. 35,WAKING_NIGHT,SATURDAY,20:00:00,08:00:00,,,12.0,FEMALE,,HERTFORDSHIRE,1,10,t
497,Oakfield Gardens No. 35,WAKING_NIGHT,SUNDAY,20:00:00,08:00:00,,,12.0,FEMALE,,HERTFORDSHIRE,1,10,t
498,Oakfield Gardens No. 35,LONG_DAY,MONDAY,07:00:00,22:00:00,12:00:00,14:00:00,13.0,FEMALE,,HERTFORDSHIRE,1,10,t
499,Oakfield Gardens No. 35,LONG_DAY,TUESDAY,07:00:00,22:00:00,12:00:00,14:00:00,13.0,FEMALE,,HERTFORDSHIRE,1,10,t
500,Oakfield Gardens No. 35,LONG_DAY,WEDNESDAY,07:00:00,22:00:00,12:00:00,14:00:00,13.0,FEMALE,,HERTFORDSHIRE,1,10,t
501,Oakfield Gardens No. 35,LONG_DAY,THURSDAY,07:00:00,22:00:00,12:00:00,14:00:00,13.0,FEMALE,,HERTFORDSHIRE,1,10,t
502,Oakfield Gardens No. 35,LONG_DAY,FRIDAY,07:00:00,22:00:00,12:00:00,14:00:00,13.0,FEMALE,,HERTFORDSHIRE,1,10,t
503,Oakfield Gardens No. 35,LONG_DAY,SATURDAY,07:00:00,22:00:00,12:00:00,14:00:00,13.0,ANY,,HERTFORDSHIRE,1,10,t
504,Oakfield Gardens No. 35,LONG_DAY,SUNDAY,07:00:00,22:00:00,12:00:00,14:00:00,13.0,FEMALE,,HERTFORDSHIRE,2,10,t
505,Oakfield Gardens No. 35,SLEEP_IN,MONDAY,22:00:00,07:00:00,,,9.0,FEMALE,BUCCAL,HERTFORDSHIRE,1,10,t
506,Oakfield Gardens No. 35,SLEEP_IN,TUESDAY,22:00:00,07:00:00,,,9.0,ANY,,HERTFORDSHIRE,1,10,t
507,Oakfield Gardens No. 35,SLEEP_IN,WEDNESDAY,22:00:00,07:00:00,,,9.0,FEMALE,,HERTFORDSHIRE,1,10,t
508,Oakfield Gardens No. 35,SLEEP_IN,THURSDAY,22:00:00,07:00:00,,,9.0,FEMALE,,HERTFORDSHIRE,1,10,t
509,Oakfield Gardens No. 35,SLEEP_IN,FRIDAY,22:00:00,07:00:00,,,9.0,FEMALE,,HERTFORDSHIRE,1,10,t
510,Oakfield Gardens No. 35,SLEEP_IN,SATURDAY,22:00:00,07:00:00,,,9.0,FEMALE,,HERTFORDSHIRE,1,10,t
511,Oakfield Gardens No. 35,SLEEP_IN,SUNDAY,22:00:00,07:00:00,,,9.0,ANY,,HERTFORDSHIRE,1,10,t
512,Oakfield Gardens No. 35,CARE_CALL,MONDAY,06:30:00,21:30:00,,,12.0,FEMALE,,HERTFORDSHIRE,1,1,t
513,Oakfield Gardens No. 35,CARE_CALL,TUESDAY,06:30:00,21:30:00,,,12.0,ANY,,HERTFORDSHIRE,1,1,t
514,Oakfield Gardens No. 35,CARE_CALL,WEDNESDAY,06:30:00,21:30:00,,,12.0,ANY,,HERTFORDSHIRE,1,1,t
515,Oakfield Gardens No. 35,CARE_CALL,THURSDAY,06:30:00,21:30:00,,,12.0,FEMALE,,HERTFORDSHIRE,1,1,t
516,Oakfield Gardens No. 35,CARE_CALL,FRIDAY,06:30:00,21:30:00,,,12.0,FEMALE,,HERTFORDSHIRE,1,1,t
517,Oakfield Gardens No. 35,CARE_CALL,SATURDAY,06:30:00,21:30:00,,,12.0,FEMALE,,HERTFORDSHIRE,1,1,t
518,Oakfield Gardens No. 35,CARE_CALL,SUNDAY,06:30:00,21:30:00,,,12.0,ANY,,HERTFORDSHIRE,1,1,t
519,Kingsley Rise No. 36,FLOATING,MONDAY,12:00:00,14:00:00,,,2.0,ANY,,HERTFORDSHIRE,1,10,t
520,Kingsley Rise No. 36,FLOATING,TUESDAY,12:00:00,14:00:00,,,2.0,ANY,,HERTFORDSHIRE,1,10,t
521,Kingsley Rise No. 36,FLOATING,WEDNESDAY,12:00:00,14:00:00,,,2.0,ANY,BUCCAL,HERTFORDSHIRE,1,10,t
522,Kingsley Rise No. 36,FLOATING,THURSDAY,12:00:00,14:00:00,,,2.0,ANY,,HERTFORDSHIRE,1,10,t
523,Kingsley Rise No. 36,FLOATING,FRIDAY,12:00:00,14:00:00,,,2.0,ANY,,HERTFORDSHIRE,1,10,t
524,Kingsley Rise No. 36,FLOATING,SATURDAY,12:00:00,14:00:00,,,2.0,ANY,,HERTFORDSHIRE,1,10,t
525,Kingsley Rise No. 36,FLOATING,SUNDAY,12:00:00,14:00:00,,,2.0,ANY,,HERTFORDSHIRE,1,10,t
526,Sunnybank Avenue No. 37,DAY,MONDAY,08:00:00,20:00:00,,,11.0,FEMALE,BUCCAL,HERTFORDSHIRE,1,10,t
527,Sunnybank Avenue No. 37,DAY,TUESDAY,08:00:00,20:00:00,,,11.0,ANY,,HERTFORDSHIRE,1,10,t
528,Sunnybank Avenue No. 37,DAY,WEDNESDAY,08:00:00,20:00:00,,,11.0,FEMALE,,HERTFORDSHIRE,1,10,t
529,Sunnybank Avenue No. 37,DAY,THURSDAY,08:00:00,20:00:00,,,11.0,FEMALE,,HERTFORDSHIRE,1,10,t
530,Sunnybank Avenue No. 37,DAY,FRIDAY,08:00:00,20:00:00,,,11.0,FEMALE,,HERTFORDSHIRE,1,10,t
531,Sunnybank Avenue No. 37,DAY,SATURDAY,08:00:00,20:00:00,,,11.0,FEMALE,,HERTFORDSHIRE,1,10,t
532,Sunnybank Avenue No. 37,DAY,SUNDAY,08:00:00,20:00:00,,,11.0,FEMALE,,HERTFORDSHIRE,1,10,t
533,Sunnybank Avenue No. 37,LONG_DAY,MONDAY,07:00:00,22:00:00,12:00:00,14:00:00,13.0,FEMALE,BUCCAL,HERTFORDSHIRE,1,10,t
534,Sunnybank Avenue No. 37,LONG_DAY,TUESDAY,07:00:00,22:00:00,12:00:00,14:00:00,13.0,FEMALE,,HERTFORDSHIRE,1,10,t
535,Sunnybank Avenue No. 37,LONG_DAY,WEDNESDAY,07:00:00,22:00:00,12:00:00,14:00:00,13.0,FEMALE,,HERTFORDSHIRE,1,10,t
536,Sunnybank Avenue No. 37,LONG_DAY,THURSDAY,07:00:00,22:00:00,12:00:00,14:00:00,13.0,FEMALE,,HERTFORDSHIRE,1,10,t
537,Sunnybank Avenue No. 37,LONG_DAY,FRIDAY,07:00:00,22:00:00,12:00:00,14:00:00,13.0,FEMALE,,HERTFORDSHIRE,1,10,t
538,Sunnybank Avenue No. 37,LONG_DAY,SATURDAY,07:00:00,22:00:00,12:00:00,14:00:00,13.0,FEMALE,,HERTFORDSHIRE,1,10,t
539,Sunnybank Avenue No. 37,LONG_DAY,SUNDAY,07:00:00,22:00:00,12:00:00,14:00:00,13.0,FEMALE,,HERTFORDSHIRE,1,10,t
540,Sunnybank Avenue No. 37,SLEEP_IN,MONDAY,22:00:00,07:00:00,,,9.0,FEMALE,,HERTFORDSHIRE,1,10,t
541,Sunnybank Avenue No. 37,SLEEP_IN,TUESDAY,22:00:00,07:00:00,,,9.0,FEMALE,,HERTFORDSHIRE,1,10,t
542,Sunnybank Avenue No. 37,SLEEP_IN,WEDNESDAY,22:00:00,07:00:00,,,9.0,FEMALE,,HERTFORDSHIRE,1,10,t
543,Sunnybank Avenue No. 37,SLEEP_IN,THURSDAY,22:00:00,07:00:00,,,9.0,FEMALE,,HERTFORDSHIRE,1,10,t
544,Sunnybank Avenue No. 37,SLEEP_IN,FRIDAY,22:00:00,07:00:00,,,9.0,ANY,,HERTFORDSHIRE,1,10,t
545,Sunnybank Avenue No. 37,SLEEP_IN,SATURDAY,22:00:00,07:00:00,,,9.0,FEMALE,,HERTFORDSHIRE,1,10,t
546,Sunnybank Avenue No. 37,SLEEP_IN,SUNDAY,22:00:00,07:00:00,,,9.0,ANY,,HERTFORDSHIRE,1,10,t
547,Foxglove Rise No. 38,DAY,MONDAY,08:00:00,20:00:00,,,11.0,ANY,,HERTFORDSHIRE,1,10,t
548,Foxglove Rise No. 38,DAY,TUESDAY,08:00:00,20:00:00,,,11.0,ANY,,HERTFORDSHIRE,1,10,t
549,Foxglove Rise No. 38,DAY,WEDNESDAY,08:00:00,20:00:00,,,11.0,ANY,,HERTFORDSHIRE,1,10,t
550,Foxglove Rise No. 38,DAY,THURSDAY,08:00:00,20:00:00,,,11.0,ANY,,HERTFORDSHIRE,2,10,t
551,Foxglove Rise No. 38,DAY,FRIDAY,08:00:00,20:00:00,,,11.0,ANY,,HERTFORDSHIRE,1,10,t
552,Foxglove Rise No. 38,DAY,SATURDAY,08:00:00,20:00:00,,,11.0,ANY,,HERTFORDSHIRE,1,10,t
553,Foxglove Rise No. 38,DAY,SUNDAY,08:00:00,20:00:00,,,11.0,ANY,,HERTFORDSHIRE,1,10,t
554,Foxglove Rise No. 38,WAKING_NIGHT,MONDAY,20:00:00,08:00:00,,,12.0,ANY,,HERTFORDSHIRE,1,10,t
555,Foxglove Rise No. 38,WAKING_NIGHT,TUESDAY,20:00:00,08:00:00,,,12.0,ANY,,HERTFORDSHIRE,1,10,t
556,Foxglove Rise No. 38,WAKING_NIGHT,WEDNESDAY,20:00:00,08:00:00,,,12.0,ANY,,HERTFORDSHIRE,1,10,t
557,Foxglove Rise No. 38,WAKING_NIGHT,THURSDAY,20:00:00,08:00:00,,,12.0,ANY,,HERTFORDSHIRE,1,10,t
558,Foxglove Rise No. 38,WAKING_NIGHT,FRIDAY,20:00:00,08:00:00,,,12.0,ANY,,HERTFORDSHIRE,1,10,t
559,Foxglove Rise No. 38,WAKING_NIGHT,SATURDAY,20:00:00,08:00:00,,,12.0,ANY,,HERTFORDSHIRE,1,10,t
560,Foxglove Rise No. 38,WAKING_NIGHT,SUNDAY,20:00:00,08:00:00,,,12.0,ANY,,HERTFORDSHIRE,1,10,t
561,Foxglove Rise No. 38,LONG_DAY,MONDAY,07:00:00,22:00:00,12:00:00,14:00:00,13.0,ANY,,HERTFORDSHIRE,1,10,t
562,Foxglove Rise No. 38,LONG_DAY,TUESDAY,07:00:00,22:00:00,12:00:00,14:00:00,13.0,ANY,,HERTFORDSHIRE,1,10,t
563,Foxglove Rise No. 38,LONG_DAY,WEDNESDAY,07:00:00,22:00:00,12:00:00,14:00:00,13.0,ANY,BUCCAL,HERTFORDSHIRE,1,10,t
564,Foxglove Rise No. 38,LONG_DAY,THURSDAY,07:00:00,22:00:00,12:00:00,14:00:00,13.0,ANY,BUCCAL,HERTFORDSHIRE,1,10,t
565,Foxglove Rise No. 38,LONG_DAY,FRIDAY,07:00:00,22:00:00,12:00:00,14:00:00,13.0,ANY,,HERTFORDSHIRE,1,10,t
566,Foxglove Rise No. 38,LONG_DAY,SATURDAY,07:00:00,22:00:00,12:00:00,14:00:00,13.0,ANY,,HERTFORDSHIRE,1,10,t
567,Foxglove Rise No. 38,LONG_DAY,SUNDAY,07:00:00,22:00:00,12:00:00,14:00:00,13.0,ANY,,HERTFORDSHIRE,1,10,t
568,Kingsley Close No. 39,DAY,MONDAY,08:00:00,20:00:00,,,11.0,MALE,,HERTFORDSHIRE,1,10,t
569,Kingsley Close No. 39,DAY,TUESDAY,08:00:00,20:00:00,,,11.0,MALE,,HERTFORDSHIRE,1,10,t
570,Kingsley Close No. 39,DAY,WEDNESDAY,08:00:00,20:00:00,,,11.0,MALE,,HERTFORDSHIRE,1,10,t
571,Kingsley Close No. 39,DAY,THURSDAY,08:00:00,20:00:00,,,11.0,MALE,,HERTFORDSHIRE,1,10,t
572,Kingsley Close No. 39,DAY,FRIDAY,08:00:00,20:00:00,,,11.0,MALE,,HERTFORDSHIRE,1,10,t
573,Kingsley Close No. 39,DAY,SATURDAY,08:00:00,20:00:00,,,11.0,MALE,,HERTFORDSHIRE,1,10,t
574,Kingsley Close No. 39,DAY,SUNDAY,08:00:00,20:00:00,,,11.0,MALE,,HERTFORDSHIRE,1,10,t
575,Kingsley Close No. 39,FLOATING,MONDAY,12:00:00,14:00:00,,,2.0,ANY,,HERTFORDSHIRE,1,10,t
576,Kingsley Close No. 39,FLOATING,TUESDAY,12:00:00,14:00:00,,,2.0,ANY,,HERTFORDSHIRE,2,10,t
577,Kingsley Close No. 39,FLOATING,WEDNESDAY,12:00:00,14:00:00,,,2.0,ANY,,HERTFORDSHIRE,1,10,t
578,Kingsley Close No. 39,FLOATING,THURSDAY,12:00:00,14:00:00,,,2.0,ANY,,HERTFORDSHIRE,1,10,t
579,Kingsley Close No. 39,FLOATING,FRIDAY,12:00:00,14:00:00,,,2.0,ANY,,HERTFORDSHIRE,1,10,t
580,Kingsley Close No. 39,FLOATING,SATURDAY,12:00:00,14:00:00,,,2.0,ANY,,HERTFORDSHIRE,1,10,t
581,Kingsley Close No. 39,FLOATING,SUNDAY,12:00:00,14:00:00,,,2.0,ANY,,HERTFORDSHIRE,1,10,t
582,Kingsley Close No. 39,LONG_DAY,MONDAY,07:00:00,22:00:00,12:00:00,14:00:00,13.0,MALE,,HERTFORDSHIRE,1,10,t
583,Kingsley Close No. 39,LONG_DAY,TUESDAY,07:00:00,22:00:00,12:00:00,14:00:00,13.0,MALE,,HERTFORDSHIRE,1,10,t
584,Kingsley Close No. 39,LONG_DAY,WEDNESDAY,07:00:00,22:00:00,12:00:00,14:00:00,13.0,ANY,,HERTFORDSHIRE,1,10,t
585,Kingsley Close No. 39,LONG_DAY,THURSDAY,07:00:00,22:00:00,12:00:00,14:00:00,13.0,ANY,,HERTFORDSHIRE,1,10,t
586,Kingsley Close No. 39,LONG_DAY,FRIDAY,07:00:00,22:00:00,12:00:00,14:00:00,13.0,MALE,,HERTFORDSHIRE,1,10,t
587,Kingsley Close No. 39,LONG_DAY,SATURDAY,07:00:00,22:00:00,12:00:00,14:00:00,13.0,MALE,,HERTFORDSHIRE,1,10,t
588,Kingsley Close No. 39,LONG_DAY,SUNDAY,07:00:00,22:00:00,12:00:00,14:00:00,13.0,MALE,,HERTFORDSHIRE,2,10,t
589,Kingsley Close No. 39,SLEEP_IN,MONDAY,22:00:00,07:00:00,,,9.0,ANY,,HERTFORDSHIRE,1,10,t
590,Kingsley Close No. 39,SLEEP_IN,TUESDAY,22:00:00,07:00:00,,,9.0,MALE,,HERTFORDSHIRE,1,10,t
591,Kingsley Close No. 39,SLEEP_IN,WEDNESDAY,22:00:00,07:00:00,,,9.0,MALE,,HERTFORDSHIRE,1,10,t
592,Kingsley Close No. 39,SLEEP_IN,THURSDAY,22:00:00,07:00:00,,,9.0,ANY,,HERTFORDSHIRE,1,10,t
593,Kingsley Close No. 39,SLEEP_IN,FRIDAY,22:00:00,07:00:00,,,9.0,MALE,,HERTFORDSHIRE,1,10,t
594,Kingsley Close No. 39,SLEEP_IN,SATURDAY,22:00:00,07:00:00,,,9.0,MALE,,HERTFORDSHIRE,1,10,t
595,Kingsley Close No. 39,SLEEP_IN,SUNDAY,22:00:00,07:00:00,,,9.0,ANY,,HERTFORDSHIRE,1,10,t
596,Kingsley Close No. 39,CARE_CALL,MONDAY,06:30:00,21:30:00,,,12.0,MALE,,HERTFORDSHIRE,1,1,t
597,Kingsley Close No. 39,CARE_CALL,TUESDAY,06:30:00,21:30:00,,,12.0,MALE,,HERTFORDSHIRE,1,1,t
598,Kingsley Close No. 39,CARE_CALL,WEDNESDAY,06:30:00,21:30:00,,,12.0,ANY,,HERTFORDSHIRE,1,1,t
599,Kingsley Close No. 39,CARE_CALL,THURSDAY,06:30:00,21:30:00,,,12.0,MALE,,HERTFORDSHIRE,1,1,t
600,Kingsley Close No. 39,CARE_CALL,FRIDAY,06:30:00,21:30:00,,,12.0,MALE,,HERTFORDSHIRE,1,1,t
601,Kingsley Close No. 39,CARE_CALL,SATURDAY,06:30:00,21:30:00,,,12.0,ANY,,HERTFORDSHIRE,1,1,t
602,Kingsley Close No. 39,CARE_CALL,SUNDAY,06:30:00,21:30:00,,,12.0,MALE,,HERTFORDSHIRE,1,1,t
603,Foxglove Gardens No. 40,DAY,MONDAY,08:00:00,20:00:00,,,11.0,FEMALE,,HERTFORDSHIRE,1,10,t
604,Foxglove Gardens No. 40,DAY,TUESDAY,08:00:00,20:00:00,,,11.0,FEMALE,,HERTFORDSHIRE,1,10,t
605,Foxglove Gardens No. 40,DAY,WEDNESDAY,08:00:00,20:00:00,,,11.0,FEMALE,,HERTFORDSHIRE,1,10,t
606,Foxglove Gardens No. 40,DAY,THURSDAY,08:00:00,20:00:00,,,11.0,FEMALE,,HERTFORDSHIRE,1,10,t
607,Foxglove Gardens No. 40,DAY,FRIDAY,08:00:00,20:00:00,,,11.0,FEMALE,,HERTFORDSHIRE,1,10,t
608,Foxglove Gardens No. 40,DAY,SATURDAY,08:00:00,20:00:00,,,11.0,ANY,,HERTFORDSHIRE,1,10,t
609,Foxglove Gardens No. 40,DAY,SUNDAY,08:00:00,20:00:00,,,11.0,FEMALE,,HERTFORDSHIRE,1,10,t
610,Sycamore Lodge No. 41,DAY,MONDAY,08:00:00,20:00:00,,,11.0,ANY,,HERTFORDSHIRE,1,10,t
611,Sycamore Lodge No. 41,DAY,TUESDAY,08:00:00,20:00:00,,,11.0,ANY,,HERTFORDSHIRE,1,10,t
612,Sycamore Lodge No. 41,DAY,WEDNESDAY,08:00:00,20:00:00,,,11.0,ANY,,HERTFORDSHIRE,1,10,t
613,Sycamore Lodge No. 41,DAY,THURSDAY,08:00:00,20:00:00,,,11.0,ANY,,HERTFORDSHIRE,1,10,t
614,Sycamore Lodge No. 41,DAY,FRIDAY,08:00:00,20:00:00,,,11.0,ANY,,HERTFORDSHIRE,1,10,t
615,Sycamore Lodge No. 41,DAY,SATURDAY,08:00:00,20:00:00,,,11.0,ANY,,HERTFORDSHIRE,1,10,t
616,Sycamore Lodge No. 41,DAY,SUNDAY,08:00:00,20:00:00,,,11.0,ANY,,HERTFORDSHIRE,1,10,t
617,Sycamore Lodge No. 41,WAKING_NIGHT,MONDAY,20:00:00,08:00:00,,,12.0,ANY,,HERTFORDSHIRE,1,10,t
618,Sycamore Lodge No. 41,WAKING_NIGHT,TUESDAY,20:00:00,08:00:00,,,12.0,ANY,,HERTFORDSHIRE,1,10,t
619,Sycamore Lodge No. 41,WAKING_NIGHT,WEDNESDAY,20:00:00,08:00:00,,,12.0,ANY,,HERTFORDSHIRE,1,10,t
620,Sycamore Lodge No. 41,WAKING_NIGHT,THURSDAY,20:00:00,08:00:00,,,12.0,ANY,,HERTFORDSHIRE,1,10,t
621,Sycamore Lodge No. 41,WAKING_NIGHT,FRIDAY,20:00:00,08:00:00,,,12.0,ANY,,HERTFORDSHIRE,1,10,t
622,Sycamore Lodge No. 41,WAKING_NIGHT,SATURDAY,20:00:00,08:00:00,,,12.0,ANY,,HERTFORDSHIRE,2,10,t
623,Sycamore Lodge No. 41,WAKING_NIGHT,SUNDAY,20:00:00,08:00:00,,,12.0,ANY,,HERTFORDSHIRE,1,10,t
624,Sycamore Lodge No. 41,SLEEP_IN,MONDAY,22:00:00,07:00:00,,,9.0,ANY,,HERTFORDSHIRE,1,10,t
625,Sycamore Lodge No. 41,SLEEP_IN,TUESDAY,22:00:00,07:00:00,,,9.0,ANY,,HERTFORDSHIRE,1,10,t
626,Sycamore Lodge No. 41,SLEEP_IN,WEDNESDAY,22:00:00,07:00:00,,,9.0,ANY,,HERTFORDSHIRE,1,10,t
627,Sycamore Lodge No. 41,SLEEP_IN,THURSDAY,22:00:00,07:00:00,,,9.0,ANY,,HERTFORDSHIRE,1,10,t
628,Sycamore Lodge No. 41,SLEEP_IN,FRIDAY,22:00:00,07:00:00,,,9.0,ANY,,HERTFORDSHIRE,1,10,t
629,Sycamore Lodge No. 41,SLEEP_IN,SATURDAY,22:00:00,07:00:00,,,9.0,ANY,,HERTFORDSHIRE,1,10,t
630,Sycamore Lodge No. 41,SLEEP_IN,SUNDAY,22:00:00,07:00:00,,,9.0,ANY,,HERTFORDSHIRE,1,10,t
631,Sunnybank Gardens No. 42,DAY,MONDAY,08:00:00,20:00:00,,,11.0,ANY,,HERTFORDSHIRE,1,10,t
632,Sunnybank Gardens No. 42,DAY,TUESDAY,08:00:00,20:00:00,,,11.0,ANY,,HERTFORDSHIRE,1,10,t
633,Sunnybank Gardens No. 42,DAY,WEDNESDAY,08:00:00,20:00:00,,,11.0,ANY,,HERTFORDSHIRE,1,10,t
634,Sunnybank Gardens No. 42,DAY,THURSDAY,08:00:00,20:00:00,,,11.0,ANY,,HERTFORDSHIRE,1,10,t
635,Sunnybank Gardens No. 42,DAY,FRIDAY,08:00:00,20:00:00,,,11.0,ANY,,HERTFORDSHIRE,1,10,t
636,Sunnybank Gardens No. 42,DAY,SATURDAY,08:00:00,20:00:00,,,11.0,ANY,,HERTFORDSHIRE,1,10,t
637,Sunnybank Gardens No. 42,DAY,SUNDAY,08:00:00,20:00:00,,,11.0,ANY,,HERTFORDSHIRE,1,10,t
638,Sunnybank Gardens No. 42,WAKING_NIGHT,MONDAY,20:00:00,08:00:00,,,12.0,ANY,,HERTFORDSHIRE,1,10,t
639,Sunnybank Gardens No. 42,WAKING_NIGHT,TUESDAY,20:00:00,08:00:00,,,12.0,ANY,BUCCAL,HERTFORDSHIRE,1,10,t
640,Sunnybank Gardens No. 42,WAKING_NIGHT,WEDNESDAY,20:00:00,08:00:00,,,12.0,ANY,,HERTFORDSHIRE,1,10,t
641,Sunnybank Gardens No. 42,WAKING_NIGHT,THURSDAY,20:00:00,08:00:00,,,12.0,ANY,,HERTFORDSHIRE,1,10,t
642,Sunnybank Gardens No. 42,WAKING_NIGHT,FRIDAY,20:00:00,08:00:00,,,12.0,ANY,,HERTFORDSHIRE,1,10,t
643,Sunnybank Gardens No. 42,WAKING_NIGHT,SATURDAY,20:00:00,08:00:00,,,12.0,ANY,,HERTFORDSHIRE,1,10,t
644,Sunnybank Gardens No. 42,WAKING_NIGHT,SUNDAY,20:00:00,08:00:00,,,12.0,ANY,,HERTFORDSHIRE,1,10,t
645,Sunnybank Gardens No. 42,CARE_CALL,MONDAY,06:30:00,21:30:00,,,12.0,ANY,,HERTFORDSHIRE,1,1,t
646,Sunnybank Gardens No. 42,CARE_CALL,TUESDAY,06:30:00,21:30:00,,,12.0,ANY,,HERTFORDSHIRE,1,1,t
647,Sunnybank Gardens No. 42,CARE_CALL,WEDNESDAY,06:30:00,21:30:00,,,12.0,ANY,,HERTFORDSHIRE,1,1,t
648,Sunnybank Gardens No. 42,CARE_CALL,THURSDAY,06:30:00,21:30:00,,,12.0,ANY,,HERTFORDSHIRE,1,1,t
649,Sunnybank Gardens No. 42,CARE_CALL,FRIDAY,06:30:00,21:30:00,,,12.0,ANY,,HERTFORDSHIRE,1,1,t
650,Sunnybank Gardens No. 42,CARE_CALL,SATURDAY,06:30:00,21:30:00,,,12.0,ANY,,HERTFORDSHIRE,1,1,t
651,Sunnybank Gardens No. 42,CARE_CALL,SUNDAY,06:30:00,21:30:00,,,12.0,ANY,,HERTFORDSHIRE,1,1,t
652,Brookside Road No. 43,DAY,MONDAY,08:00:00,20:00:00,,,11.0,FEMALE,,HERTFORDSHIRE,1,10,t
653,Brookside Road No. 43,DAY,TUESDAY,08:00:00,20:00:00,,,11.0,FEMALE,BUCCAL,HERTFORDSHIRE,1,10,t
654,Brookside Road No. 43,DAY,WEDNESDAY,08:00:00,20:00:00,,,11.0,FEMALE,,HERTFORDSHIRE,1,10,t
655,Brookside Road No. 43,DAY,THURSDAY,08:00:00,20:00:00,,,11.0,ANY,,HERTFORDSHIRE,1,10,t
656,Brookside Road No. 43,DAY,FRIDAY,08:00:00,20:00:00,,,11.0,FEMALE,,HERTFORDSHIRE,1,10,t
657,Brookside Road No. 43,DAY,SATURDAY,08:00:00,20:00:00,,,11.0,FEMALE,,HERTFORDSHIRE,1,10,t
658,Brookside Road No. 43,DAY,SUNDAY,08:00:00,20:00:00,,,11.0,ANY,,HERTFORDSHIRE,1,10,t
659,Brookside Road No. 43,WAKING_NIGHT,MONDAY,20:00:00,08:00:00,,,12.0,FEMALE,,HERTFORDSHIRE,1,10,t
660,Brookside Road No. 43,WAKING_NIGHT,TUESDAY,20:00:00,08:00:00,,,12.0,ANY,,HERTFORDSHIRE,1,10,t
661,Brookside Road No. 43,WAKING_NIGHT,WEDNESDAY,20:00:00,08:00:00,,,12.0,FEMALE,BUCCAL,HERTFORDSHIRE,1,10,t
662,Brookside Road No. 43,WAKING_NIGHT,THURSDAY,20:00:00,08:00:00,,,12.0,FEMALE,,HERTFORDSHIRE,1,10,t
663,Brookside Road No. 43,WAKING_NIGHT,FRIDAY,20:00:00,08:00:00,,,12.0,FEMALE,,HERTFORDSHIRE,1,10,t
664,Brookside Road No. 43,WAKING_NIGHT,SATURDAY,20:00:00,08:00:00,,,12.0,FEMALE,,HERTFORDSHIRE,1,10,t
665,Brookside Road No. 43,WAKING_NIGHT,SUNDAY,20:00:00,08:00:00,,,12.0,FEMALE,,HERTFORDSHIRE,1,10,t
666,Brookside Road No. 43,FLOATING,MONDAY,12:00:00,14:00:00,,,2.0,ANY,,HERTFORDSHIRE,1,10,t
667,Brookside Road No. 43,FLOATING,TUESDAY,12:00:00,14:00:00,,,2.0,ANY,,HERTFORDSHIRE,1,10,t
668,Brookside Road No. 43,FLOATING,WEDNESDAY,12:00:00,14:00:00,,,2.0,ANY,,HERTFORDSHIRE,1,10,t
669,Brookside Road No. 43,FLOATING,THURSDAY,12:00:00,14:00:00,,,2.0,ANY,,HERTFORDSHIRE,1,10,t
670,Brookside Road No. 43,FLOATING,FRIDAY,12:00:00,14:00:00,,,2.0,ANY,,HERTFORDSHIRE,2,10,t
671,Brookside Road No. 43,FLOATING,SATURDAY,12:00:00,14:00:00,,,2.0,ANY,,HERTFORDSHIRE,1,10,t
672,Brookside Road No. 43,FLOATING,SUNDAY,12:00:00,14:00:00,,,2.0,ANY,,HERTFORDSHIRE,1,10,t
673,Sunnybank Road No. 44,DAY,MONDAY,08:00:00,20:00:00,,,11.0,FEMALE,BUCCAL,HERTFORDSHIRE,1,10,t
674,Sunnybank Road No. 44,DAY,TUESDAY,08:00:00,20:00:00,,,11.0,FEMALE,,HERTFORDSHIRE,1,10,t
675,Sunnybank Road No. 44,DAY,WEDNESDAY,08:00:00,20:00:00,,,11.0,ANY,,HERTFORDSHIRE,2,10,t
676,Sunnybank Road No. 44,DAY,THURSDAY,08:00:00,20:00:00,,,11.0,FEMALE,,HERTFORDSHIRE,1,10,t
677,Sunnybank Road No. 44,DAY,FRIDAY,08:00:00,20:00:00,,,11.0,FEMALE,,HERTFORDSHIRE,2,10,t
678,Sunnybank Road No. 44,DAY,SATURDAY,08:00:00,20:00:00,,,11.0,FEMALE,BUCCAL,HERTFORDSHIRE,2,10,t
679,Sunnybank Road No. 44,DAY,SUNDAY,08:00:00,20:00:00,,,11.0,FEMALE,,HERTFORDSHIRE,1,10,t
680,Sunnybank Road No. 44,CARE_CALL,MONDAY,06:30:00,21:30:00,,,12.0,FEMALE,,HERTFORDSHIRE,1,1,t
681,Sunnybank Road No. 44,CARE_CALL,TUESDAY,06:30:00,21:30:00,,,12.0,FEMALE,,HERTFORDSHIRE,1,1,t
682,Sunnybank Road No. 44,CARE_CALL,WEDNESDAY,06:30:00,21:30:00,,,12.0,ANY,,HERTFORDSHIRE,1,1,t
683,Sunnybank Road No. 44,CARE_CALL,THURSDAY,06:30:00,21:30:00,,,12.0,FEMALE,,HERTFORDSHIRE,1,1,t
684,Sunnybank Road No. 44,CARE_CALL,FRIDAY,06:30:00,21:30:00,,,12.0,FEMALE,,HERTFORDSHIRE,1,1,t
685,Sunnybank Road No. 44,CARE_CALL,SATURDAY,06:30:00,21:30:00,,,12.0,FEMALE,,HERTFORDSHIRE,1,1,t
686,Sunnybank Road No. 44,CARE_CALL,SUNDAY,06:30:00,21:30:00,,,12.0,ANY,,HERTFORDSHIRE,1,1,t
687,Elm Road No. 45,DAY,MONDAY,08:00:00,20:00:00,,,11.0,MALE,,HERTFORDSHIRE,1,10,t
688,Elm Road No. 45,DAY,TUESDAY,08:00:00,20:00:00,,,11.0,ANY,,HERTFORDSHIRE,1,10,t
689,Elm Road No. 45,DAY,WEDNESDAY,08:00:00,20:00:00,,,11.0,MALE,,HERTFORDSHIRE,1,10,t
690,Elm Road No. 45,DAY,THURSDAY,08:00:00,20:00:00,,,11.0,MALE,BUCCAL,HERTFORDSHIRE,1,10,t
691,Elm Road No. 45,DAY,FRIDAY,08:00:00,20:00:00,,,11.0,MALE,,HERTFORDSHIRE,1,10,t
692,Elm Road No. 45,DAY,SATURDAY,08:00:00,20:00:00,,,11.0,MALE,,HERTFORDSHIRE,1,10,t
693,Elm Road No. 45,DAY,SUNDAY,08:00:00,20:00:00,,,11.0,MALE,,HERTFORDSHIRE,1,10,t
694,Elm Road No. 45,WAKING_NIGHT,MONDAY,20:00:00,08:00:00,,,12.0,ANY,,HERTFORDSHIRE,1,10,t
695,Elm Road No. 45,WAKING_NIGHT,TUESDAY,20:00:00,08:00:00,,,12.0,MALE,,HERTFORDSHIRE,1,10,t
696,Elm Road No. 45,WAKING_NIGHT,WEDNESDAY,20:00:00,08:00:00,,,12.0,MALE,,HERTFORDSHIRE,1,10,t
697,Elm Road No. 45,WAKING_NIGHT,THURSDAY,20:00:00,08:00:00,,,12.0,MALE,,HERTFORDSHIRE,1,10,t
698,Elm Road No. 45,WAKING_NIGHT,FRIDAY,20:00:00,08:00:00,,,12.0,MALE,,HERTFORDSHIRE,1,10,t
699,Elm Road No. 45,WAKING_NIGHT,SATURDAY,20:00:00,08:00:00,,,12.0,MALE,,HERTFORDSHIRE,1,10,t
700,Elm Road No. 45,WAKING_NIGHT,SUNDAY,20:00:00,08:00:00,,,12.0,MALE,,HERTFORDSHIRE,1,10,t
701,Elm Road No. 45,CARE_CALL,MONDAY,06:30:00,21:30:00,,,12.0,ANY,,HERTFORDSHIRE,1,1,t
702,Elm Road No. 45,CARE_CALL,TUESDAY,06:30:00,21:30:00,,,12.0,MALE,,HERTFORDSHIRE,1,1,t
703,Elm Road No. 45,CARE_CALL,WEDNESDAY,06:30:00,21:30:00,,,12.0,MALE,,HERTFORDSHIRE,1,1,t
704,Elm Road No. 45,CARE_CALL,THURSDAY,06:30:00,21:30:00,,,12.0,MALE,BUCCAL,HERTFORDSHIRE,1,1,t
705,Elm Road No. 45,CARE_CALL,FRIDAY,06:30:00,21:30:00,,,12.0,ANY,,HERTFORDSHIRE,1,1,t
706,Elm Road No. 45,CARE_CALL,SATURDAY,06:30:00,21:30:00,,,12.0,MALE,BUCCAL,HERTFORDSHIRE,1,1,t
707,Elm Road No. 45,CARE_CALL,SUNDAY,06:30:00,21:30:00,,,12.0,MALE,,HERTFORDSHIRE,1,1,t
708,Hillcrest Close No. 46,WAKING_NIGHT,MONDAY,20:00:00,08:00:00,,,12.0,MALE,,HERTFORDSHIRE,1,10,t
709,Hillcrest Close No. 46,WAKING_NIGHT,TUESDAY,20:00:00,08:00:00,,,12.0,MALE,BUCCAL,HERTFORDSHIRE,1,10,t
710,Hillcrest Close No. 46,WAKING_NIGHT,WEDNESDAY,20:00:00,08:00:00,,,12.0,ANY,,HERTFORDSHIRE,1,10,t
711,Hillcrest Close No. 46,WAKING_NIGHT,THURSDAY,20:00:00,08:00:00,,,12.0,MALE,,HERTFORDSHIRE,1,10,t
712,Hillcrest Close No. 46,WAKING_NIGHT,FRIDAY,20:00:00,08:00:00,,,12.0,MALE,,HERTFORDSHIRE,1,10,t
713,Hillcrest Close No. 46,WAKING_NIGHT,SATURDAY,20:00:00,08:00:00,,,12.0,ANY,,HERTFORDSHIRE,1,10,t
714,Hillcrest Close No. 46,WAKING_NIGHT,SUNDAY,20:00:00,08:00:00,,,12.0,MALE,,HERTFORDSHIRE,1,10,t
715,Hillcrest Close No. 46,FLOATING,MONDAY,12:00:00,14:00:00,,,2.0,ANY,,HERTFORDSHIRE,1,10,t
716,Hillcrest Close No. 46,FLOATING,TUESDAY,12:00:00,14:00:00,,,2.0,ANY,,HERTFORDSHIRE,1,10,t
717,Hillcrest Close No. 46,FLOATING,WEDNESDAY,12:00:00,14:00:00,,,2.0,ANY,,HERTFORDSHIRE,1,10,t
718,Hillcrest Close No. 46,FLOATING,THURSDAY,12:00:00,14:00:00,,,2.0,ANY,,HERTFORDSHIRE,1,10,t
719,Hillcrest Close No. 46,FLOATING,FRIDAY,12:00:00,14:00:00,,,2.0,ANY,,HERTFORDSHIRE,1,10,t
720,Hillcrest Close No. 46,FLOATING,SATURDAY,12:00:00,14:00:00,,,2.0,ANY,,HERTFORDSHIRE,1,10,t
721,Hillcrest Close No. 46,FLOATING,SUNDAY,12:00:00,14:00:00,,,2.0,ANY,,HERTFORDSHIRE,1,10,t
722,Hillcrest Close No. 46,SLEEP_IN,MONDAY,22:00:00,07:00:00,,,9.0,MALE,,HERTFORDSHIRE,1,10,t
723,Hillcrest Close No. 46,SLEEP_IN,TUESDAY,22:00:00,07:00:00,,,9.0,MALE,,HERTFORDSHIRE,1,10,t
724,Hillcrest Close No. 46,SLEEP_IN,WEDNESDAY,22:00:00,07:00:00,,,9.0,MALE,,HERTFORDSHIRE,2,10,t
725,Hillcrest Close No. 46,SLEEP_IN,THURSDAY,22:00:00,07:00:00,,,9.0,MALE,,HERTFORDSHIRE,1,10,t
726,Hillcrest Close No. 46,SLEEP_IN,FRIDAY,22:00:00,07:00:00,,,9.0,MALE,BUCCAL,HERTFORDSHIRE,1,10,t
727,Hillcrest Close No. 46,SLEEP_IN,SATURDAY,22:00:00,07:00:00,,,9.0,MALE,,HERTFORDSHIRE,1,10,t
728,Hillcrest Close No. 46,SLEEP_IN,SUNDAY,22:00:00,07:00:00,,,9.0,MALE,,HERTFORDSHIRE,1,10,t
729,Rowan Court No. 47,DAY,MONDAY,08:00:00,20:00:00,,,11.0,ANY,,HERTFORDSHIRE,1,10,t
730,Rowan Court No. 47,DAY,TUESDAY,08:00:00,20:00:00,,,11.0,ANY,,HERTFORDSHIRE,1,10,t
731,Rowan Court No. 47,DAY,WEDNESDAY,08:00:00,20:00:00,,,11.0,ANY,,HERTFORDSHIRE,1,10,t
732,Rowan Court No. 47,DAY,THURSDAY,08:00:00,20:00:00,,,11.0,ANY,,HERTFORDSHIRE,1,10,t
733,Rowan Court No. 47,DAY,FRIDAY,08:00:00,20:00:00,,,11.0,ANY,,HERTFORDSHIRE,1,10,t
734,Rowan Court No. 47,DAY,SATURDAY,08:00:00,20:00:00,,,11.0,ANY,,HERTFORDSHIRE,1,10,t
735,Rowan Court No. 47,DAY,SUNDAY,08:00:00,20:00:00,,,11.0,ANY,,HERTFORDSHIRE,1,10,t
736,Rowan Court No. 47,SLEEP_IN,MONDAY,22:00:00,07:00:00,,,9.0,ANY,,HERTFORDSHIRE,1,10,t
737,Rowan Court No. 47,SLEEP_IN,TUESDAY,22:00:00,07:00:00,,,9.0,ANY,,HERTFORDSHIRE,1,10,t
738,Rowan Court No. 47,SLEEP_IN,WEDNESDAY,22:00:00,07:00:00,,,9.0,ANY,,HERTFORDSHIRE,1,10,t
739,Rowan Court No. 47,SLEEP_IN,THURSDAY,22:00:00,07:00:00,,,9.0,ANY,,HERTFORDSHIRE,1,10,t
740,Rowan Court No. 47,SLEEP_IN,FRIDAY,22:00:00,07:00:00,,,9.0,ANY,,HERTFORDSHIRE,1,10,t
741,Rowan Court No. 47,SLEEP_IN,SATURDAY,22:00:00,07:00:00,,,9.0,ANY,,HERTFORDSHIRE,1,10,t
742,Rowan Court No. 47,SLEEP_IN,SUNDAY,22:00:00,07:00:00,,,9.0,ANY,,HERTFORDSHIRE,1,10,t
743,Willow Gardens No. 48,DAY,MONDAY,08:00:00,20:00:00,,,11.0,ANY,,HERTFORDSHIRE,1,10,t
744,Willow Gardens No. 48,DAY,TUESDAY,08:00:00,20:00:00,,,11.0,ANY,,HERTFORDSHIRE,1,10,t
745,Willow Gardens No. 48,DAY,WEDNESDAY,08:00:00,20:00:00,,,11.0,ANY,,HERTFORDSHIRE,1,10,t
746,Willow Gardens No. 48,DAY,THURSDAY,08:00:00,20:00:00,,,11.0,ANY,,HERTFORDSHIRE,1,10,t
747,Willow Gardens No. 48,DAY,FRIDAY,08:00:00,20:00:00,,,11.0,ANY,,HERTFORDSHIRE,1,10,t
748,Willow Gardens No. 48,DAY,SATURDAY,08:00:00,20:00:00,,,11.0,ANY,,HERTFORDSHIRE,1,10,t
749,Willow Gardens No. 48,DAY,SUNDAY,08:00:00,20:00:00,,,11.0,ANY,,HERTFORDSHIRE,1,10,t
750,Sycamore House No. 49,WAKING_NIGHT,MONDAY,20:00:00,08:00:00,,,12.0,ANY,,HERTFORDSHIRE,1,10,t
751,Sycamore House No. 49,WAKING_NIGHT,TUESDAY,20:00:00,08:00:00,,,12.0,ANY,,HERTFORDSHIRE,1,10,t
752,Sycamore House No. 49,WAKING_NIGHT,WEDNESDAY,20:00:00,08:00:00,,,12.0,ANY,,HERTFORDSHIRE,1,10,t
753,Sycamore House No. 49,WAKING_NIGHT,THURSDAY,20:00:00,08:00:00,,,12.0,ANY,,HERTFORDSHIRE,1,10,t
754,Sycamore House No. 49,WAKING_NIGHT,FRIDAY,20:00:00,08:00:00,,,12.0,ANY,,HERTFORDSHIRE,1,10,t
755,Sycamore House No. 49,WAKING_NIGHT,SATURDAY,20:00:00,08:00:00,,,12.0,ANY,,HERTFORDSHIRE,1,10,t
756,Sycamore House No. 49,WAKING_NIGHT,SUNDAY,20:00:00,08:00:00,,,12.0,ANY,,HERTFORDSHIRE,1,10,t
757,Sycamore House No. 49,SLEEP_IN,MONDAY,22:00:00,07:00:00,,,9.0,ANY,,HERTFORDSHIRE,1,10,t
758,Sycamore House No. 49,SLEEP_IN,TUESDAY,22:00:00,07:00:00,,,9.0,ANY,,HERTFORDSHIRE,1,10,t
759,Sycamore House No. 49,SLEEP_IN,WEDNESDAY,22:00:00,07:00:00,,,9.0,ANY,,HERTFORDSHIRE,1,10,t
760,Sycamore House No. 49,SLEEP_IN,THURSDAY,22:00:00,07:00:00,,,9.0,ANY,,HERTFORDSHIRE,1,10,t
761,Sycamore House No. 49,SLEEP_IN,FRIDAY,22:00:00,07:00:00,,,9.0,ANY,,HERTFORDSHIRE,1,10,t
762,Sycamore House No. 49,SLEEP_IN,SATURDAY,22:00:00,07:00:00,,,9.0,ANY,,HERTFORDSHIRE,1,10,t
763,Sycamore House No. 49,SLEEP_IN,SUNDAY,22:00:00,07:00:00,,,9.0,ANY,,HERTFORDSHIRE,1,10,t
764,Ashgrove Avenue No. 50,WAKING_NIGHT,MONDAY,20:00:00,08:00:00,,,12.0,ANY,,KENT,1,10,t
765,Ashgrove Avenue No. 50,WAKING_NIGHT,TUESDAY,20:00:00,08:00:00,,,12.0,FEMALE,BUCCAL,KENT,1,10,t
766,Ashgrove Avenue No. 50,WAKING_NIGHT,WEDNESDAY,20:00:00,08:00:00,,,12.0,FEMALE,BUCCAL,KENT,1,10,t
767,Ashgrove Avenue No. 50,WAKING_NIGHT,THURSDAY,20:00:00,08:00:00,,,12.0,FEMALE,,KENT,1,10,t
768,Ashgrove Avenue No. 50,WAKING_NIGHT,FRIDAY,20:00:00,08:00:00,,,12.0,FEMALE,,KENT,1,10,t
769,Ashgrove Avenue No. 50,WAKING_NIGHT,SATURDAY,20:00:00,08:00:00,,,12.0,FEMALE,,KENT,1,10,t
770,Ashgrove Avenue No. 50,WAKING_NIGHT,SUNDAY,20:00:00,08:00:00,,,12.0,FEMALE,BUCCAL,KENT,1,10,t
771,Fairview Close No. 51,DAY,MONDAY,08:00:00,20:00:00,,,11.0,ANY,,KENT,1,10,t
772,Fairview Close No. 51,DAY,TUESDAY,08:00:00,20:00:00,,,11.0,ANY,,KENT,1,10,t
773,Fairview Close No. 51,DAY,WEDNESDAY,08:00:00,20:00:00,,,11.0,FEMALE,,KENT,1,10,t
774,Fairview Close No. 51,DAY,THURSDAY,08:00:00,20:00:00,,,11.0,FEMALE,,KENT,1,10,t
775,Fairview Close No. 51,DAY,FRIDAY,08:00:00,20:00:00,,,11.0,FEMALE,,KENT,1,10,t
776,Fairview Close No. 51,DAY,SATURDAY,08:00:00,20:00:00,,,11.0,FEMALE,,KENT,1,10,t
777,Fairview Close No. 51,DAY,SUNDAY,08:00:00,20:00:00,,,11.0,FEMALE,,KENT,1,10,t
778,Fairview Close No. 51,WAKING_NIGHT,MONDAY,20:00:00,08:00:00,,,12.0,FEMALE,,KENT,1,10,t
779,Fairview Close No. 51,WAKING_NIGHT,TUESDAY,20:00:00,08:00:00,,,12.0,FEMALE,,KENT,1,10,t
780,Fairview Close No. 51,WAKING_NIGHT,WEDNESDAY,20:00:00,08:00:00,,,12.0,FEMALE,BUCCAL,KENT,1,10,t
781,Fairview Close No. 51,WAKING_NIGHT,THURSDAY,20:00:00,08:00:00,,,12.0,FEMALE,,KENT,1,10,t
782,Fairview Close No. 51,WAKING_NIGHT,FRIDAY,20:00:00,08:00:00,,,12.0,ANY,,KENT,1,10,t
783,Fairview Close No. 51,WAKING_NIGHT,SATURDAY,20:00:00,08:00:00,,,12.0,FEMALE,,KENT,1,10,t
784,Fairview Close No. 51,WAKING_NIGHT,SUNDAY,20:00:00,08:00:00,,,12.0,FEMALE,,KENT,1,10,t
785,Foxglove Road No. 53,WAKING_NIGHT,MONDAY,20:00:00,08:00:00,,,12.0,ANY,BUCCAL,KENT,1,10,t
786,Foxglove Road No. 53,WAKING_NIGHT,TUESDAY,20:00:00,08:00:00,,,12.0,ANY,,KENT,1,10,t
787,Foxglove Road No. 53,WAKING_NIGHT,WEDNESDAY,20:00:00,08:00:00,,,12.0,ANY,,KENT,1,10,t
788,Foxglove Road No. 53,WAKING_NIGHT,THURSDAY,20:00:00,08:00:00,,,12.0,ANY,,KENT,1,10,t
789,Foxglove Road No. 53,WAKING_NIGHT,FRIDAY,20:00:00,08:00:00,,,12.0,ANY,,KENT,1,10,t
790,Foxglove Road No. 53,WAKING_NIGHT,SATURDAY,20:00:00,08:00:00,,,12.0,ANY,,KENT,1,10,t
791,Foxglove Road No. 53,WAKING_NIGHT,SUNDAY,20:00:00,08:00:00,,,12.0,ANY,,KENT,1,10,t
792,Meadow Avenue No. 54,FLOATING,MONDAY,12:00:00,14:00:00,,,2.0,ANY,,KENT,1,10,t
793,Meadow Avenue No. 54,FLOATING,TUESDAY,12:00:00,14:00:00,,,2.0,ANY,,KENT,1,10,t
794,Meadow Avenue No. 54,FLOATING,WEDNESDAY,12:00:00,14:00:00,,,2.0,ANY,,KENT,1,10,t
795,Meadow Avenue No. 54,FLOATING,THURSDAY,12:00:00,14:00:00,,,2.0,ANY,,KENT,1,10,t
796,Meadow Avenue No. 54,FLOATING,FRIDAY,12:00:00,14:00:00,,,2.0,ANY,,KENT,1,10,t
797,Meadow Avenue No. 54,FLOATING,SATURDAY,12:00:00,14:00:00,,,2.0,ANY,,KENT,1,10,t
798,Meadow Avenue No. 54,FLOATING,SUNDAY,12:00:00,14:00:00,,,2.0,ANY,,KENT,1,10,t
799,Willow Avenue No. 55,DAY,MONDAY,08:00:00,20:00:00,,,11.0,ANY,,KENT,1,10,t
800,Willow Avenue No. 55,DAY,TUESDAY,08:00:00,20:00:00,,,11.0,FEMALE,,KENT,1,10,t
801,Willow Avenue No. 55,DAY,WEDNESDAY,08:00:00,20:00:00,,,11.0,FEMALE,,KENT,1,10,t
802,Willow Avenue No. 55,DAY,THURSDAY,08:00:00,20:00:00,,,11.0,FEMALE,BUCCAL,KENT,1,10,t
803,Willow Avenue No. 55,DAY,FRIDAY,08:00:00,20:00:00,,,11.0,FEMALE,,KENT,1,10,t
804,Willow Avenue No. 55,DAY,SATURDAY,08:00:00,20:00:00,,,11.0,FEMALE,,KENT,1,10,t
805,Willow Avenue No. 55,DAY,SUNDAY,08:00:00,20:00:00,,,11.0,FEMALE,,KENT,1,10,t
806,Willow Avenue No. 55,FLOATING,MONDAY,12:00:00,14:00:00,,,2.0,ANY,,KENT,1,10,t
807,Willow Avenue No. 55,FLOATING,TUESDAY,12:00:00,14:00:00,,,2.0,ANY,,KENT,1,10,t
808,Willow Avenue No. 55,FLOATING,WEDNESDAY,12:00:00,14:00:00,,,2.0,ANY,,KENT,1,10,t
809,Willow Avenue No. 55,FLOATING,THURSDAY,12:00:00,14:00:00,,,2.0,ANY,,KENT,1,10,t
810,Willow Avenue No. 55,FLOATING,FRIDAY,12:00:00,14:00:00,,,2.0,ANY,,KENT,1,10,t
811,Willow Avenue No. 55,FLOATING,SATURDAY,12:00:00,14:00:00,,,2.0,ANY,,KENT,1,10,t
812,Willow Avenue No. 55,FLOATING,SUNDAY,12:00:00,14:00:00,,,2.0,ANY,,KENT,1,10,t
813,Willow Avenue No. 55,LONG_DAY,MONDAY,07:00:00,22:00:00,12:00:00,14:00:00,13.0,FEMALE,,KENT,1,10,t
814,Willow Avenue No. 55,LONG_DAY,TUESDAY,07:00:00,22:00:00,12:00:00,14:00:00,13.0,ANY,,KENT,1,10,t
815,Willow Avenue No. 55,LONG_DAY,WEDNESDAY,07:00:00,22:00:00,12:00:00,14:00:00,13.0,ANY,,KENT,1,10,t
816,Willow Avenue No. 55,LONG_DAY,THURSDAY,07:00:00,22:00:00,12:00:00,14:00:00,13.0,FEMALE,,KENT,1,10,t
817,Willow Avenue No. 55,LONG_DAY,FRIDAY,07:00:00,22:00:00,12:00:00,14:00:00,13.0,FEMALE,,KENT,1,10,t
818,Willow Avenue No. 55,LONG_DAY,SATURDAY,07:00:00,22:00:00,12:00:00,14:00:00,13.0,FEMALE,,KENT,1,10,t
819,Willow Avenue No. 55,LONG_DAY,SUNDAY,07:00:00,22:00:00,12:00:00,14:00:00,13.0,FEMALE,,KENT,1,10,t
820,Ashgrove Avenue No. 56,FLOATING,MONDAY,12:00:00,14:00:00,,,2.0,ANY,,KENT,1,10,t
821,Ashgrove Avenue No. 56,FLOATING,TUESDAY,12:00:00,14:00:00,,,2.0,ANY,,KENT,1,10,t
822,Ashgrove Avenue No. 56,FLOATING,WEDNESDAY,12:00:00,14:00:00,,,2.0,ANY,,KENT,1,10,t
823,Ashgrove Avenue No. 56,FLOATING,THURSDAY,12:00:00,14:00:00,,,2.0,ANY,,KENT,1,10,t
824,Ashgrove Avenue No. 56,FLOATING,FRIDAY,12:00:00,14:00:00,,,2.0,ANY,,KENT,1,10,t
825,Ashgrove Avenue No. 56,FLOATING,SATURDAY,12:00:00,14:00:00,,,2.0,ANY,,KENT,1,10,t
826,Ashgrove Avenue No. 56,FLOATING,SUNDAY,12:00:00,14:00:00,,,2.0,ANY,,KENT,1,10,t
827,Ashgrove Avenue No. 56,LONG_DAY,MONDAY,07:00:00,22:00:00,12:00:00,14:00:00,13.0,FEMALE,,KENT,1,10,t
828,Ashgrove Avenue No. 56,LONG_DAY,TUESDAY,07:00:00,22:00:00,12:00:00,14:00:00,13.0,ANY,,KENT,1,10,t
829,Ashgrove Avenue No. 56,LONG_DAY,WEDNESDAY,07:00:00,22:00:00,12:00:00,14:00:00,13.0,ANY,,KENT,1,10,t
830,Ashgrove Avenue No. 56,LONG_DAY,THURSDAY,07:00:00,22:00:00,12:00:00,14:00:00,13.0,FEMALE,,KENT,1,10,t
831,Ashgrove Avenue No. 56,LONG_DAY,FRIDAY,07:00:00,22:00:00,12:00:00,14:00:00,13.0,FEMALE,,KENT,1,10,t
832,Ashgrove Avenue No. 56,LONG_DAY,SATURDAY,07:00:00,22:00:00,12:00:00,14:00:00,13.0,ANY,,KENT,1,10,t
833,Ashgrove Avenue No. 56,LONG_DAY,SUNDAY,07:00:00,22:00:00,12:00:00,14:00:00,13.0,FEMALE,,KENT,1,10,t
834,Ashgrove Avenue No. 56,SLEEP_IN,MONDAY,22:00:00,07:00:00,,,9.0,ANY,,KENT,1,10,t
835,Ashgrove Avenue No. 56,SLEEP_IN,TUESDAY,22:00:00,07:00:00,,,9.0,FEMALE,,KENT,1,10,t
836,Ashgrove Avenue No. 56,SLEEP_IN,WEDNESDAY,22:00:00,07:00:00,,,9.0,FEMALE,,KENT,1,10,t
837,Ashgrove Avenue No. 56,SLEEP_IN,THURSDAY,22:00:00,07:00:00,,,9.0,FEMALE,,KENT,1,10,t
838,Ashgrove Avenue No. 56,SLEEP_IN,FRIDAY,22:00:00,07:00:00,,,9.0,FEMALE,,KENT,1,10,t
839,Ashgrove Avenue No. 56,SLEEP_IN,SATURDAY,22:00:00,07:00:00,,,9.0,ANY,,KENT,1,10,t
840,Ashgrove Avenue No. 56,SLEEP_IN,SUNDAY,22:00:00,07:00:00,,,9.0,FEMALE,,KENT,2,10,t
841,Langley Lodge No. 57,DAY,MONDAY,08:00:00,20:00:00,,,11.0,FEMALE,,KENT,1,10,t
842,Langley Lodge No. 57,DAY,TUESDAY,08:00:00,20:00:00,,,11.0,FEMALE,BUCCAL,KENT,1,10,t
843,Langley Lodge No. 57,DAY,WEDNESDAY,08:00:00,20:00:00,,,11.0,FEMALE,,KENT,1,10,t
844,Langley Lodge No. 57,DAY,THURSDAY,08:00:00,20:00:00,,,11.0,ANY,,KENT,1,10,t
845,Langley Lodge No. 57,DAY,FRIDAY,08:00:00,20:00:00,,,11.0,FEMALE,,KENT,1,10,t
846,Langley Lodge No. 57,DAY,SATURDAY,08:00:00,20:00:00,,,11.0,FEMALE,,KENT,1,10,t
847,Langley Lodge No. 57,DAY,SUNDAY,08:00:00,20:00:00,,,11.0,FEMALE,,KENT,1,10,t
848,Langley Lodge No. 57,LONG_DAY,MONDAY,07:00:00,22:00:00,12:00:00,14:00:00,13.0,ANY,,KENT,1,10,t
849,Langley Lodge No. 57,LONG_DAY,TUESDAY,07:00:00,22:00:00,12:00:00,14:00:00,13.0,ANY,,KENT,1,10,t
850,Langley Lodge No. 57,LONG_DAY,WEDNESDAY,07:00:00,22:00:00,12:00:00,14:00:00,13.0,FEMALE,,KENT,1,10,t
851,Langley Lodge No. 57,LONG_DAY,THURSDAY,07:00:00,22:00:00,12:00:00,14:00:00,13.0,ANY,,KENT,1,10,t
852,Langley Lodge No. 57,LONG_DAY,FRIDAY,07:00:00,22:00:00,12:00:00,14:00:00,13.0,ANY,,KENT,1,10,t
853,Langley Lodge No. 57,LONG_DAY,SATURDAY,07:00:00,22:00:00,12:00:00,14:00:00,13.0,ANY,,KENT,1,10,t
854,Langley Lodge No. 57,LONG_DAY,SUNDAY,07:00:00,22:00:00,12:00:00,14:00:00,13.0,ANY,,KENT,1,10,t
855,Highfield Gardens No. 58,WAKING_NIGHT,MONDAY,20:00:00,08:00:00,,,12.0,MALE,,KENT,1,10,t
856,Highfield Gardens No. 58,WAKING_NIGHT,TUESDAY,20:00:00,08:00:00,,,12.0,MALE,,KENT,1,10,t
857,Highfield Gardens No. 58,WAKING_NIGHT,WEDNESDAY,20:00:00,08:00:00,,,12.0,MALE,,KENT,1,10,t
858,Highfield Gardens No. 58,WAKING_NIGHT,THURSDAY,20:00:00,08:00:00,,,12.0,MALE,BUCCAL,KENT,1,10,t
859,Highfield Gardens No. 58,WAKING_NIGHT,FRIDAY,20:00:00,08:00:00,,,12.0,MALE,,KENT,1,10,t
860,Highfield Gardens No. 58,WAKING_NIGHT,SATURDAY,20:00:00,08:00:00,,,12.0,MALE,,KENT,1,10,t
861,Highfield Gardens No. 58,WAKING_NIGHT,SUNDAY,20:00:00,08:00:00,,,12.0,MALE,,KENT,1,10,t
862,Chestnut Gardens No. 59,DAY,MONDAY,08:00:00,20:00:00,,,11.0,FEMALE,,KENT,1,10,t
863,Chestnut Gardens No. 59,DAY,TUESDAY,08:00:00,20:00:00,,,11.0,FEMALE,,KENT,1,10,t
864,Chestnut Gardens No. 59,DAY,WEDNESDAY,08:00:00,20:00:00,,,11.0,ANY,,KENT,1,10,t
865,Chestnut Gardens No. 59,DAY,THURSDAY,08:00:00,20:00:00,,,11.0,FEMALE,,KENT,1,10,t
866,Chestnut Gardens No. 59,DAY,FRIDAY,08:00:00,20:00:00,,,11.0,FEMALE,,KENT,1,10,t
867,Chestnut Gardens No. 59,DAY,SATURDAY,08:00:00,20:00:00,,,11.0,FEMALE,,KENT,1,10,t
868,Chestnut Gardens No. 59,DAY,SUNDAY,08:00:00,20:00:00,,,11.0,ANY,,KENT,1,10,t
869,Chestnut Gardens No. 59,FLOATING,MONDAY,12:00:00,14:00:00,,,2.0,ANY,,KENT,1,10,t
870,Chestnut Gardens No. 59,FLOATING,TUESDAY,12:00:00,14:00:00,,,2.0,ANY,BUCCAL,KENT,1,10,t
871,Chestnut Gardens No. 59,FLOATING,WEDNESDAY,12:00:00,14:00:00,,,2.0,ANY,,KENT,1,10,t
872,Chestnut Gardens No. 59,FLOATING,THURSDAY,12:00:00,14:00:00,,,2.0,ANY,,KENT,1,10,t
873,Chestnut Gardens No. 59,FLOATING,FRIDAY,12:00:00,14:00:00,,,2.0,ANY,,KENT,1,10,t
874,Chestnut Gardens No. 59,FLOATING,SATURDAY,12:00:00,14:00:00,,,2.0,ANY,,KENT,1,10,t
875,Chestnut Gardens No. 59,FLOATING,SUNDAY,12:00:00,14:00:00,,,2.0,ANY,,KENT,1,10,t
876,Sycamore House No. 60,WAKING_NIGHT,MONDAY,20:00:00,08:00:00,,,12.0,FEMALE,,KENT,1,10,t
877,Sycamore House No. 60,WAKING_NIGHT,TUESDAY,20:00:00,08:00:00,,,12.0,FEMALE,,KENT,1,10,t
878,Sycamore House No. 60,WAKING_NIGHT,WEDNESDAY,20:00:00,08:00:00,,,12.0,FEMALE,,KENT,1,10,t
879,Sycamore House No. 60,WAKING_NIGHT,THURSDAY,20:00:00,08:00:00,,,12.0,FEMALE,,KENT,1,10,t
880,Sycamore House No. 60,WAKING_NIGHT,FRIDAY,20:00:00,08:00:00,,,12.0,FEMALE,,KENT,1,10,t
881,Sycamore House No. 60,WAKING_NIGHT,SATURDAY,20:00:00,08:00:00,,,12.0,ANY,,KENT,1,10,t
882,Sycamore House No. 60,WAKING_NIGHT,SUNDAY,20:00:00,08:00:00,,,12.0,ANY,,KENT,1,10,t
883,Birchwood Rise No. 61,WAKING_NIGHT,MONDAY,20:00:00,08:00:00,,,12.0,ANY,,KENT,1,10,t
884,Birchwood Rise No. 61,WAKING_NIGHT,TUESDAY,20:00:00,08:00:00,,,12.0,MALE,,KENT,1,10,t
885,Birchwood Rise No. 61,WAKING_NIGHT,WEDNESDAY,20:00:00,08:00:00,,,12.0,MALE,,KENT,1,10,t
886,Birchwood Rise No. 61,WAKING_NIGHT,THURSDAY,20:00:00,08:00:00,,,12.0,ANY,,KENT,1,10,t
887,Birchwood Rise No. 61,WAKING_NIGHT,FRIDAY,20:00:00,08:00:00,,,12.0,ANY,,KENT,1,10,t
888,Birchwood Rise No. 61,WAKING_NIGHT,SATURDAY,20:00:00,08:00:00,,,12.0,MALE,,KENT,1,10,t
889,Birchwood Rise No. 61,WAKING_NIGHT,SUNDAY,20:00:00,08:00:00,,,12.0,ANY,,KENT,1,10,t
890,Birchwood Rise No. 61,LONG_DAY,MONDAY,07:00:00,22:00:00,12:00:00,14:00:00,13.0,MALE,,KENT,1,10,t
891,Birchwood Rise No. 61,LONG_DAY,TUESDAY,07:00:00,22:00:00,12:00:00,14:00:00,13.0,ANY,,KENT,1,10,t
892,Birchwood Rise No. 61,LONG_DAY,WEDNESDAY,07:00:00,22:00:00,12:00:00,14:00:00,13.0,MALE,,KENT,1,10,t
893,Birchwood Rise No. 61,LONG_DAY,THURSDAY,07:00:00,22:00:00,12:00:00,14:00:00,13.0,MALE,BUCCAL,KENT,1,10,t
894,Birchwood Rise No. 61,LONG_DAY,FRIDAY,07:00:00,22:00:00,12:00:00,14:00:00,13.0,MALE,,KENT,1,10,t
895,Birchwood Rise No. 61,LONG_DAY,SATURDAY,07:00:00,22:00:00,12:00:00,14:00:00,13.0,MALE,,KENT,1,10,t
896,Birchwood Rise No. 61,LONG_DAY,SUNDAY,07:00:00,22:00:00,12:00:00,14:00:00,13.0,MALE,,KENT,1,10,t
897,Elm Gardens No. 62,FLOATING,MONDAY,12:00:00,14:00:00,,,2.0,ANY,,KENT,1,10,t
898,Elm Gardens No. 62,FLOATING,TUESDAY,12:00:00,14:00:00,,,2.0,ANY,,KENT,1,10,t
899,Elm Gardens No. 62,FLOATING,WEDNESDAY,12:00:00,14:00:00,,,2.0,ANY,,KENT,1,10,t
900,Elm Gardens No. 62,FLOATING,THURSDAY,12:00:00,14:00:00,,,2.0,ANY,,KENT,1,10,t
901,Elm Gardens No. 62,FLOATING,FRIDAY,12:00:00,14:00:00,,,2.0,ANY,,KENT,1,10,t
902,Elm Gardens No. 62,FLOATING,SATURDAY,12:00:00,14:00:00,,,2.0,ANY,,KENT,1,10,t
903,Elm Gardens No. 62,FLOATING,SUNDAY,12:00:00,14:00:00,,,2.0,ANY,,KENT,1,10,t
904,Willow Avenue No. 63,LONG_DAY,MONDAY,07:00:00,22:00:00,12:00:00,14:00:00,13.0,ANY,,KENT,1,10,t
905,Willow Avenue No. 63,LONG_DAY,TUESDAY,07:00:00,22:00:00,12:00:00,14:00:00,13.0,ANY,,KENT,1,10,t
906,Willow Avenue No. 63,LONG_DAY,WEDNESDAY,07:00:00,22:00:00,12:00:00,14:00:00,13.0,ANY,,KENT,1,10,t
907,Willow Avenue No. 63,LONG_DAY,THURSDAY,07:00:00,22:00:00,12:00:00,14:00:00,13.0,FEMALE,,KENT,1,10,t
908,Willow Avenue No. 63,LONG_DAY,FRIDAY,07:00:00,22:00:00,12:00:00,14:00:00,13.0,ANY,,KENT,1,10,t
909,Willow Avenue No. 63,LONG_DAY,SATURDAY,07:00:00,22:00:00,12:00:00,14:00:00,13.0,FEMALE,,KENT,1,10,t
910,Willow Avenue No. 63,LONG_DAY,SUNDAY,07:00:00,22:00:00,12:00:00,14:00:00,13.0,FEMALE,,KENT,1,10,t
911,Rowan Avenue No. 64,DAY,MONDAY,08:00:00,20:00:00,,,11.0,ANY,,KENT,1,10,t
912,Rowan Avenue No. 64,DAY,TUESDAY,08:00:00,20:00:00,,,11.0,ANY,,KENT,1,10,t
913,Rowan Avenue No. 64,DAY,WEDNESDAY,08:00:00,20:00:00,,,11.0,ANY,,KENT,1,10,t
914,Rowan Avenue No. 64,DAY,THURSDAY,08:00:00,20:00:00,,,11.0,ANY,BUCCAL,KENT,1,10,t
915,Rowan Avenue No. 64,DAY,FRIDAY,08:00:00,20:00:00,,,11.0,ANY,,KENT,1,10,t
916,Rowan Avenue No. 64,DAY,SATURDAY,08:00:00,20:00:00,,,11.0,ANY,,KENT,1,10,t
917,Rowan Avenue No. 64,DAY,SUNDAY,08:00:00,20:00:00,,,11.0,ANY,,KENT,2,10,t
918,Rowan Avenue No. 64,FLOATING,MONDAY,12:00:00,14:00:00,,,2.0,ANY,,KENT,1,10,t
919,Rowan Avenue No. 64,FLOATING,TUESDAY,12:00:00,14:00:00,,,2.0,ANY,,KENT,1,10,t
920,Rowan Avenue No. 64,FLOATING,WEDNESDAY,12:00:00,14:00:00,,,2.0,ANY,,KENT,1,10,t
921,Rowan Avenue No. 64,FLOATING,THURSDAY,12:00:00,14:00:00,,,2.0,ANY,,KENT,1,10,t
922,Rowan Avenue No. 64,FLOATING,FRIDAY,12:00:00,14:00:00,,,2.0,ANY,,KENT,1,10,t
923,Rowan Avenue No. 64,FLOATING,SATURDAY,12:00:00,14:00:00,,,2.0,ANY,BUCCAL,KENT,1,10,t
924,Rowan Avenue No. 64,FLOATING,SUNDAY,12:00:00,14:00:00,,,2.0,ANY,,KENT,1,10,t
925,Birchwood Avenue No. 65,DAY,MONDAY,08:00:00,20:00:00,,,11.0,ANY,,KENT,1,10,t
926,Birchwood Avenue No. 65,DAY,TUESDAY,08:00:00,20:00:00,,,11.0,ANY,,KENT,1,10,t
927,Birchwood Avenue No. 65,DAY,WEDNESDAY,08:00:00,20:00:00,,,11.0,FEMALE,,KENT,1,10,t
928,Birchwood Avenue No. 65,DAY,THURSDAY,08:00:00,20:00:00,,,11.0,FEMALE,,KENT,1,10,t
929,Birchwood Avenue No. 65,DAY,FRIDAY,08:00:00,20:00:00,,,11.0,FEMALE,,KENT,1,10,t
930,Birchwood Avenue No. 65,DAY,SATURDAY,08:00:00,20:00:00,,,11.0,FEMALE,,KENT,1,10,t
931,Birchwood Avenue No. 65,DAY,SUNDAY,08:00:00,20:00:00,,,11.0,FEMALE,,KENT,1,10,t
932,Birchwood Avenue No. 65,FLOATING,MONDAY,12:00:00,14:00:00,,,2.0,ANY,,KENT,1,10,t
933,Birchwood Avenue No. 65,FLOATING,TUESDAY,12:00:00,14:00:00,,,2.0,ANY,,KENT,1,10,t
934,Birchwood Avenue No. 65,FLOATING,WEDNESDAY,12:00:00,14:00:00,,,2.0,ANY,,KENT,1,10,t
935,Birchwood Avenue No. 65,FLOATING,THURSDAY,12:00:00,14:00:00,,,2.0,ANY,,KENT,1,10,t
936,Birchwood Avenue No. 65,FLOATING,FRIDAY,12:00:00,14:00:00,,,2.0,ANY,,KENT,1,10,t
937,Birchwood Avenue No. 65,FLOATING,SATURDAY,12:00:00,14:00:00,,,2.0,ANY,,KENT,1,10,t
938,Birchwood Avenue No. 65,FLOATING,SUNDAY,12:00:00,14:00:00,,,2.0,ANY,,KENT,1,10,t
939,Birchwood Avenue No. 65,CARE_CALL,MONDAY,06:30:00,21:30:00,,,12.0,FEMALE,,KENT,1,1,t
940,Birchwood Avenue No. 65,CARE_CALL,TUESDAY,06:30:00,21:30:00,,,12.0,ANY,,KENT,1,1,t
941,Birchwood Avenue No. 65,CARE_CALL,WEDNESDAY,06:30:00,21:30:00,,,12.0,ANY,,KENT,1,1,t
942,Birchwood Avenue No. 65,CARE_CALL,THURSDAY,06:30:00,21:30:00,,,12.0,ANY,,KENT,1,1,t
943,Birchwood Avenue No. 65,CARE_CALL,FRIDAY,06:30:00,21:30:00,,,12.0,FEMALE,,KENT,1,1,t
944,Birchwood Avenue No. 65,CARE_CALL,SATURDAY,06:30:00,21:30:00,,,12.0,FEMALE,,KENT,1,1,t
945,Birchwood Avenue No. 65,CARE_CALL,SUNDAY,06:30:00,21:30:00,,,12.0,ANY,,KENT,1,1,t
946,Langley Court No. 66,WAKING_NIGHT,MONDAY,20:00:00,08:00:00,,,12.0,ANY,BUCCAL,KENT,2,10,t
947,Langley Court No. 66,WAKING_NIGHT,TUESDAY,20:00:00,08:00:00,,,12.0,ANY,,KENT,1,10,t
948,Langley Court No. 66,WAKING_NIGHT,WEDNESDAY,20:00:00,08:00:00,,,12.0,ANY,,KENT,1,10,t
949,Langley Court No. 66,WAKING_NIGHT,THURSDAY,20:00:00,08:00:00,,,12.0,MALE,,KENT,1,10,t
950,Langley Court No. 66,WAKING_NIGHT,FRIDAY,20:00:00,08:00:00,,,12.0,MALE,,KENT,1,10,t
951,Langley Court No. 66,WAKING_NIGHT,SATURDAY,20:00:00,08:00:00,,,12.0,MALE,BUCCAL,KENT,1,10,t
952,Langley Court No. 66,WAKING_NIGHT,SUNDAY,20:00:00,08:00:00,,,12.0,MALE,,KENT,1,10,t
953,Rowan House No. 67,DAY,MONDAY,08:00:00,20:00:00,,,11.0,MALE,,KENT,1,10,t
954,Rowan House No. 67,DAY,TUESDAY,08:00:00,20:00:00,,,11.0,MALE,,KENT,1,10,t
955,Rowan House No. 67,DAY,WEDNESDAY,08:00:00,20:00:00,,,11.0,MALE,,KENT,1,10,t
956,Rowan House No. 67,DAY,THURSDAY,08:00:00,20:00:00,,,11.0,ANY,,KENT,1,10,t
957,Rowan House No. 67,DAY,FRIDAY,08:00:00,20:00:00,,,11.0,MALE,,KENT,1,10,t
958,Rowan House No. 67,DAY,SATURDAY,08:00:00,20:00:00,,,11.0,MALE,BUCCAL,KENT,1,10,t
959,Rowan House No. 67,DAY,SUNDAY,08:00:00,20:00:00,,,11.0,MALE,,KENT,1,10,t
960,Rowan House No. 67,CARE_CALL,MONDAY,06:30:00,21:30:00,,,12.0,MALE,,KENT,1,1,t
961,Rowan House No. 67,CARE_CALL,TUESDAY,06:30:00,21:30:00,,,12.0,MALE,,KENT,1,1,t
962,Rowan House No. 67,CARE_CALL,WEDNESDAY,06:30:00,21:30:00,,,12.0,MALE,,KENT,1,1,t
963,Rowan House No. 67,CARE_CALL,THURSDAY,06:30:00,21:30:00,,,12.0,MALE,,KENT,1,1,t
964,Rowan House No. 67,CARE_CALL,FRIDAY,06:30:00,21:30:00,,,12.0,MALE,,KENT,1,1,t
965,Rowan House No. 67,CARE_CALL,SATURDAY,06:30:00,21:30:00,,,12.0,ANY,,KENT,1,1,t
966,Rowan House No. 67,CARE_CALL,SUNDAY,06:30:00,21:30:00,,,12.0,MALE,,KENT,2,1,t
967,Kingsley Lodge No. 68,DAY,MONDAY,08:00:00,20:00:00,,,11.0,ANY,,KENT,1,10,t
968,Kingsley Lodge No. 68,DAY,TUESDAY,08:00:00,20:00:00,,,11.0,ANY,,KENT,1,10,t
969,Kingsley Lodge No. 68,DAY,WEDNESDAY,08:00:00,20:00:00,,,11.0,ANY,,KENT,1,10,t
970,Kingsley Lodge No. 68,DAY,THURSDAY,08:00:00,20:00:00,,,11.0,ANY,,KENT,1,10,t
971,Kingsley Lodge No. 68,DAY,FRIDAY,08:00:00,20:00:00,,,11.0,ANY,,KENT,1,10,t
972,Kingsley Lodge No. 68,DAY,SATURDAY,08:00:00,20:00:00,,,11.0,ANY,,KENT,1,10,t
973,Kingsley Lodge No. 68,DAY,SUNDAY,08:00:00,20:00:00,,,11.0,ANY,,KENT,1,10,t
974,Kingsley Lodge No. 68,WAKING_NIGHT,MONDAY,20:00:00,08:00:00,,,12.0,ANY,,KENT,1,10,t
975,Kingsley Lodge No. 68,WAKING_NIGHT,TUESDAY,20:00:00,08:00:00,,,12.0,ANY,,KENT,1,10,t
976,Kingsley Lodge No. 68,WAKING_NIGHT,WEDNESDAY,20:00:00,08:00:00,,,12.0,ANY,,KENT,2,10,t
977,Kingsley Lodge No. 68,WAKING_NIGHT,THURSDAY,20:00:00,08:00:00,,,12.0,ANY,,KENT,1,10,t
978,Kingsley Lodge No. 68,WAKING_NIGHT,FRIDAY,20:00:00,08:00:00,,,12.0,ANY,,KENT,1,10,t
979,Kingsley Lodge No. 68,WAKING_NIGHT,SATURDAY,20:00:00,08:00:00,,,12.0,ANY,,KENT,1,10,t
980,Kingsley Lodge No. 68,WAKING_NIGHT,SUNDAY,20:00:00,08:00:00,,,12.0,ANY,,KENT,1,10,t
981,Kingsley Lodge No. 68,LONG_DAY,MONDAY,07:00:00,22:00:00,12:00:00,14:00:00,13.0,ANY,,KENT,1,10,t
982,Kingsley Lodge No. 68,LONG_DAY,TUESDAY,07:00:00,22:00:00,12:00:00,14:00:00,13.0,ANY,,KENT,1,10,t
983,Kingsley Lodge No. 68,LONG_DAY,WEDNESDAY,07:00:00,22:00:00,12:00:00,14:00:00,13.0,ANY,,KENT,1,10,t
984,Kingsley Lodge No. 68,LONG_DAY,THURSDAY,07:00:00,22:00:00,12:00:00,14:00:00,13.0,ANY,,KENT,1,10,t
985,Kingsley Lodge No. 68,LONG_DAY,FRIDAY,07:00:00,22:00:00,12:00:00,14:00:00,13.0,ANY,,KENT,1,10,t
986,Kingsley Lodge No. 68,LONG_DAY,SATURDAY,07:00:00,22:00:00,12:00:00,14:00:00,13.0,ANY,,KENT,1,10,t
987,Kingsley Lodge No. 68,LONG_DAY,SUNDAY,07:00:00,22:00:00,12:00:00,14:00:00,13.0,ANY,,KENT,1,10,t
988,Hillcrest Court No. 69,LONG_DAY,MONDAY,07:00:00,22:00:00,12:00:00,14:00:00,13.0,ANY,,KENT,1,10,t
989,Hillcrest Court No. 69,LONG_DAY,TUESDAY,07:00:00,22:00:00,12:00:00,14:00:00,13.0,ANY,,KENT,1,10,t
990,Hillcrest Court No. 69,LONG_DAY,WEDNESDAY,07:00:00,22:00:00,12:00:00,14:00:00,13.0,ANY,,KENT,1,10,t
991,Hillcrest Court No. 69,LONG_DAY,THURSDAY,07:00:00,22:00:00,12:00:00,14:00:00,13.0,ANY,,KENT,1,10,t
992,Hillcrest Court No. 69,LONG_DAY,FRIDAY,07:00:00,22:00:00,12:00:00,14:00:00,13.0,ANY,,KENT,1,10,t
993,Hillcrest Court No. 69,LONG_DAY,SATURDAY,07:00:00,22:00:00,12:00:00,14:00:00,13.0,ANY,,KENT,1,10,t
994,Hillcrest Court No. 69,LONG_DAY,SUNDAY,07:00:00,22:00:00,12:00:00,14:00:00,13.0,ANY,,KENT,1,10,t
995,Larch House No. 70,DAY,MONDAY,08:00:00,20:00:00,,,11.0,FEMALE,,NORTHANTS,1,10,t
996,Larch House No. 70,DAY,TUESDAY,08:00:00,20:00:00,,,11.0,FEMALE,,NORTHANTS,2,10,t
997,Larch House No. 70,DAY,WEDNESDAY,08:00:00,20:00:00,,,11.0,FEMALE,,NORTHANTS,1,10,t
998,Larch House No. 70,DAY,THURSDAY,08:00:00,20:00:00,,,11.0,FEMALE,,NORTHANTS,1,10,t
999,Larch House No. 70,DAY,FRIDAY,08:00:00,20:00:00,,,11.0,ANY,,NORTHANTS,1,10,t
1000,Larch House No. 70,DAY,SATURDAY,08:00:00,20:00:00,,,11.0,FEMALE,,NORTHANTS,1,10,t
1001,Larch House No. 70,DAY,SUNDAY,08:00:00,20:00:00,,,11.0,FEMALE,,NORTHANTS,1,10,t
1002,Fairview Close No. 71,DAY,MONDAY,08:00:00,20:00:00,,,11.0,ANY,,NORTHANTS,1,10,t
1003,Fairview Close No. 71,DAY,TUESDAY,08:00:00,20:00:00,,,11.0,ANY,,NORTHANTS,1,10,t
1004,Fairview Close No. 71,DAY,WEDNESDAY,08:00:00,20:00:00,,,11.0,ANY,,NORTHANTS,1,10,t
1005,Fairview Close No. 71,DAY,THURSDAY,08:00:00,20:00:00,,,11.0,ANY,,NORTHANTS,1,10,t
1006,Fairview Close No. 71,DAY,FRIDAY,08:00:00,20:00:00,,,11.0,ANY,,NORTHANTS,1,10,t
1007,Fairview Close No. 71,DAY,SATURDAY,08:00:00,20:00:00,,,11.0,ANY,,NORTHANTS,1,10,t
1008,Fairview Close No. 71,DAY,SUNDAY,08:00:00,20:00:00,,,11.0,ANY,,NORTHANTS,1,10,t
1009,Highfield Road No. 72,WAKING_NIGHT,MONDAY,20:00:00,08:00:00,,,12.0,ANY,,NORTHANTS,1,10,t
1010,Highfield Road No. 72,WAKING_NIGHT,TUESDAY,20:00:00,08:00:00,,,12.0,FEMALE,,NORTHANTS,1,10,t
1011,Highfield Road No. 72,WAKING_NIGHT,WEDNESDAY,20:00:00,08:00:00,,,12.0,FEMALE,BUCCAL,NORTHANTS,1,10,t
1012,Highfield Road No. 72,WAKING_NIGHT,THURSDAY,20:00:00,08:00:00,,,12.0,ANY,,NORTHANTS,1,10,t
1013,Highfield Road No. 72,WAKING_NIGHT,FRIDAY,20:00:00,08:00:00,,,12.0,ANY,,NORTHANTS,1,10,t
1014,Highfield Road No. 72,WAKING_NIGHT,SATURDAY,20:00:00,08:00:00,,,12.0,FEMALE,,NORTHANTS,1,10,t
1015,Highfield Road No. 72,WAKING_NIGHT,SUNDAY,20:00:00,08:00:00,,,12.0,ANY,,NORTHANTS,2,10,t
1016,Highfield Road No. 72,FLOATING,MONDAY,12:00:00,14:00:00,,,2.0,ANY,,NORTHANTS,1,10,t
1017,Highfield Road No. 72,FLOATING,TUESDAY,12:00:00,14:00:00,,,2.0,ANY,,NORTHANTS,1,10,t
1018,Highfield Road No. 72,FLOATING,WEDNESDAY,12:00:00,14:00:00,,,2.0,ANY,,NORTHANTS,1,10,t
1019,Highfield Road No. 72,FLOATING,THURSDAY,12:00:00,14:00:00,,,2.0,ANY,,NORTHANTS,2,10,t
1020,Highfield Road No. 72,FLOATING,FRIDAY,12:00:00,14:00:00,,,2.0,ANY,,NORTHANTS,1,10,t
1021,Highfield Road No. 72,FLOATING,SATURDAY,12:00:00,14:00:00,,,2.0,ANY,,NORTHANTS,1,10,t
1022,Highfield Road No. 72,FLOATING,SUNDAY,12:00:00,14:00:00,,,2.0,ANY,,NORTHANTS,1,10,t
1023,Rowan Lodge No. 73,DAY,MONDAY,08:00:00,20:00:00,,,11.0,MALE,,NORTHANTS,1,10,t
1024,Rowan Lodge No. 73,DAY,TUESDAY,08:00:00,20:00:00,,,11.0,ANY,,NORTHANTS,1,10,t
1025,Rowan Lodge No. 73,DAY,WEDNESDAY,08:00:00,20:00:00,,,11.0,ANY,BUCCAL,NORTHANTS,2,10,t
1026,Rowan Lodge No. 73,DAY,THURSDAY,08:00:00,20:00:00,,,11.0,ANY,,NORTHANTS,1,10,t
1027,Rowan Lodge No. 73,DAY,FRIDAY,08:00:00,20:00:00,,,11.0,MALE,,NORTHANTS,1,10,t
1028,Rowan Lodge No. 73,DAY,SATURDAY,08:00:00,20:00:00,,,11.0,MALE,,NORTHANTS,1,10,t
1029,Rowan Lodge No. 73,DAY,SUNDAY,08:00:00,20:00:00,,,11.0,MALE,,NORTHANTS,1,10,t
1030,Rowan Lodge No. 73,LONG_DAY,MONDAY,07:00:00,22:00:00,12:00:00,14:00:00,13.0,MALE,,NORTHANTS,1,10,t
1031,Rowan Lodge No. 73,LONG_DAY,TUESDAY,07:00:00,22:00:00,12:00:00,14:00:00,13.0,MALE,,NORTHANTS,2,10,t
1032,Rowan Lodge No. 73,LONG_DAY,WEDNESDAY,07:00:00,22:00:00,12:00:00,14:00:00,13.0,MALE,,NORTHANTS,2,10,t
1033,Rowan Lodge No. 73,LONG_DAY,THURSDAY,07:00:00,22:00:00,12:00:00,14:00:00,13.0,ANY,,NORTHANTS,1,10,t
1034,Rowan Lodge No. 73,LONG_DAY,FRIDAY,07:00:00,22:00:00,12:00:00,14:00:00,13.0,ANY,,NORTHANTS,1,10,t
1035,Rowan Lodge No. 73,LONG_DAY,SATURDAY,07:00:00,22:00:00,12:00:00,14:00:00,13.0,ANY,,NORTHANTS,1,10,t
1036,Rowan Lodge No. 73,LONG_DAY,SUNDAY,07:00:00,22:00:00,12:00:00,14:00:00,13.0,MALE,,NORTHANTS,1,10,t
1037,Foxglove Avenue No. 74,DAY,MONDAY,08:00:00,20:00:00,,,11.0,ANY,,NORTHANTS,1,10,t
1038,Foxglove Avenue No. 74,DAY,TUESDAY,08:00:00,20:00:00,,,11.0,ANY,,NORTHANTS,1,10,t
1039,Foxglove Avenue No. 74,DAY,WEDNESDAY,08:00:00,20:00:00,,,11.0,ANY,,NORTHANTS,1,10,t
1040,Foxglove Avenue No. 74,DAY,THURSDAY,08:00:00,20:00:00,,,11.0,ANY,BUCCAL,NORTHANTS,1,10,t
1041,Foxglove Avenue No. 74,DAY,FRIDAY,08:00:00,20:00:00,,,11.0,ANY,,NORTHANTS,2,10,t
1042,Foxglove Avenue No. 74,DAY,SATURDAY,08:00:00,20:00:00,,,11.0,ANY,,NORTHANTS,1,10,t
1043,Foxglove Avenue No. 74,DAY,SUNDAY,08:00:00,20:00:00,,,11.0,ANY,,NORTHANTS,1,10,t
1044,Foxglove Avenue No. 74,CARE_CALL,MONDAY,06:30:00,21:30:00,,,12.0,ANY,,NORTHANTS,1,1,t
1045,Foxglove Avenue No. 74,CARE_CALL,TUESDAY,06:30:00,21:30:00,,,12.0,ANY,,NORTHANTS,1,1,t
1046,Foxglove Avenue No. 74,CARE_CALL,WEDNESDAY,06:30:00,21:30:00,,,12.0,ANY,,NORTHANTS,1,1,t
1047,Foxglove Avenue No. 74,CARE_CALL,THURSDAY,06:30:00,21:30:00,,,12.0,ANY,,NORTHANTS,1,1,t
1048,Foxglove Avenue No. 74,CARE_CALL,FRIDAY,06:30:00,21:30:00,,,12.0,ANY,,NORTHANTS,1,1,t
1049,Foxglove Avenue No. 74,CARE_CALL,SATURDAY,06:30:00,21:30:00,,,12.0,ANY,,NORTHANTS,1,1,t
1050,Foxglove Avenue No. 74,CARE_CALL,SUNDAY,06:30:00,21:30:00,,,12.0,ANY,,NORTHANTS,1,1,t
1051,Langley Court No. 76,DAY,MONDAY,08:00:00,20:00:00,,,11.0,MALE,,NORTHANTS,1,10,t
1052,Langley Court No. 76,DAY,TUESDAY,08:00:00,20:00:00,,,11.0,MALE,,NORTHANTS,1,10,t
1053,Langley Court No. 76,DAY,WEDNESDAY,08:00:00,20:00:00,,,11.0,MALE,,NORTHANTS,1,10,t
1054,Langley Court No. 76,DAY,THURSDAY,08:00:00,20:00:00,,,11.0,MALE,,NORTHANTS,1,10,t
1055,Langley Court No. 76,DAY,FRIDAY,08:00:00,20:00:00,,,11.0,MALE,,NORTHANTS,1,10,t
1056,Langley Court No. 76,DAY,SATURDAY,08:00:00,20:00:00,,,11.0,MALE,,NORTHANTS,1,10,t
1057,Langley Court No. 76,DAY,SUNDAY,08:00:00,20:00:00,,,11.0,MALE,,NORTHANTS,1,10,t
1058,Langley Court No. 76,WAKING_NIGHT,MONDAY,20:00:00,08:00:00,,,12.0,MALE,,NORTHANTS,1,10,t
1059,Langley Court No. 76,WAKING_NIGHT,TUESDAY,20:00:00,08:00:00,,,12.0,MALE,,NORTHANTS,1,10,t
1060,Langley Court No. 76,WAKING_NIGHT,WEDNESDAY,20:00:00,08:00:00,,,12.0,MALE,,NORTHANTS,2,10,t
1061,Langley Court No. 76,WAKING_NIGHT,THURSDAY,20:00:00,08:00:00,,,12.0,ANY,,NORTHANTS,1,10,t
1062,Langley Court No. 76,WAKING_NIGHT,FRIDAY,20:00:00,08:00:00,,,12.0,MALE,BUCCAL,NORTHANTS,1,10,t
1063,Langley Court No. 76,WAKING_NIGHT,SATURDAY,20:00:00,08:00:00,,,12.0,MALE,,NORTHANTS,1,10,t
1064,Langley Court No. 76,WAKING_NIGHT,SUNDAY,20:00:00,08:00:00,,,12.0,MALE,,NORTHANTS,1,10,t
1065,Foxglove Close No. 77,LONG_DAY,MONDAY,07:00:00,22:00:00,12:00:00,14:00:00,13.0,ANY,,NORTHANTS,1,10,t
1066,Foxglove Close No. 77,LONG_DAY,TUESDAY,07:00:00,22:00:00,12:00:00,14:00:00,13.0,ANY,,NORTHANTS,1,10,t
1067,Foxglove Close No. 77,LONG_DAY,WEDNESDAY,07:00:00,22:00:00,12:00:00,14:00:00,13.0,ANY,,NORTHANTS,1,10,t
1068,Foxglove Close No. 77,LONG_DAY,THURSDAY,07:00:00,22:00:00,12:00:00,14:00:00,13.0,ANY,,NORTHANTS,1,10,t
1069,Foxglove Close No. 77,LONG_DAY,FRIDAY,07:00:00,22:00:00,12:00:00,14:00:00,13.0,ANY,,NORTHANTS,1,10,t
1070,Foxglove Close No. 77,LONG_DAY,SATURDAY,07:00:00,22:00:00,12:00:00,14:00:00,13.0,ANY,,NORTHANTS,1,10,t
1071,Foxglove Close No. 77,LONG_DAY,SUNDAY,07:00:00,22:00:00,12:00:00,14:00:00,13.0,ANY,BUCCAL,NORTHANTS,1,10,t
1072,Grange Lodge No. 78,CARE_CALL,MONDAY,06:30:00,21:30:00,,,12.0,ANY,,NORTHANTS,1,1,t
1073,Grange Lodge No. 78,CARE_CALL,TUESDAY,06:30:00,21:30:00,,,12.0,ANY,,NORTHANTS,1,1,t
1074,Grange Lodge No. 78,CARE_CALL,WEDNESDAY,06:30:00,21:30:00,,,12.0,ANY,,NORTHANTS,1,1,t
1075,Grange Lodge No. 78,CARE_CALL,THURSDAY,06:30:00,21:30:00,,,12.0,ANY,,NORTHANTS,1,1,t
1076,Grange Lodge No. 78,CARE_CALL,FRIDAY,06:30:00,21:30:00,,,12.0,ANY,,NORTHANTS,1,1,t
1077,Grange Lodge No. 78,CARE_CALL,SATURDAY,06:30:00,21:30:00,,,12.0,ANY,,NORTHANTS,1,1,t
1078,Grange Lodge No. 78,CARE_CALL,SUNDAY,06:30:00,21:30:00,,,12.0,ANY,,NORTHANTS,1,1,t
1079,Larch House No. 79,WAKING_NIGHT,MONDAY,20:00:00,08:00:00,,,12.0,ANY,,NORTHANTS,1,10,t
1080,Larch House No. 79,WAKING_NIGHT,TUESDAY,20:00:00,08:00:00,,,12.0,ANY,,NORTHANTS,1,10,t
1081,Larch House No. 79,WAKING_NIGHT,WEDNESDAY,20:00:00,08:00:00,,,12.0,ANY,,NORTHANTS,1,10,t
1082,Larch House No. 79,WAKING_NIGHT,THURSDAY,20:00:00,08:00:00,,,12.0,ANY,BUCCAL,NORTHANTS,1,10,t
1083,Larch House No. 79,WAKING_NIGHT,FRIDAY,20:00:00,08:00:00,,,12.0,ANY,,NORTHANTS,1,10,t
1084,Larch House No. 79,WAKING_NIGHT,SATURDAY,20:00:00,08:00:00,,,12.0,ANY,,NORTHANTS,2,10,t
1085,Larch House No. 79,WAKING_NIGHT,SUNDAY,20:00:00,08:00:00,,,12.0,ANY,,NORTHANTS,1,10,t
1086,Oakfield Rise No. 80,DAY,MONDAY,08:00:00,20:00:00,,,11.0,ANY,,NORTHANTS,1,10,t
1087,Oakfield Rise No. 80,DAY,TUESDAY,08:00:00,20:00:00,,,11.0,ANY,,NORTHANTS,1,10,t
1088,Oakfield Rise No. 80,DAY,WEDNESDAY,08:00:00,20:00:00,,,11.0,ANY,,NORTHANTS,1,10,t
1089,Oakfield Rise No. 80,DAY,THURSDAY,08:00:00,20:00:00,,,11.0,ANY,,NORTHANTS,1,10,t
1090,Oakfield Rise No. 80,DAY,FRIDAY,08:00:00,20:00:00,,,11.0,ANY,,NORTHANTS,1,10,t
1091,Oakfield Rise No. 80,DAY,SATURDAY,08:00:00,20:00:00,,,11.0,ANY,,NORTHANTS,1,10,t
1092,Oakfield Rise No. 80,DAY,SUNDAY,08:00:00,20:00:00,,,11.0,ANY,,NORTHANTS,1,10,t
1093,Chestnut House No. 81,FLOATING,MONDAY,12:00:00,14:00:00,,,2.0,ANY,,NORTHANTS,1,10,t
1094,Chestnut House No. 81,FLOATING,TUESDAY,12:00:00,14:00:00,,,2.0,ANY,,NORTHANTS,1,10,t
1095,Chestnut House No. 81,FLOATING,WEDNESDAY,12:00:00,14:00:00,,,2.0,ANY,,NORTHANTS,1,10,t
1096,Chestnut House No. 81,FLOATING,THURSDAY,12:00:00,14:00:00,,,2.0,ANY,,NORTHANTS,1,10,t
1097,Chestnut House No. 81,FLOATING,FRIDAY,12:00:00,14:00:00,,,2.0,ANY,BUCCAL,NORTHANTS,1,10,t
1098,Chestnut House No. 81,FLOATING,SATURDAY,12:00:00,14:00:00,,,2.0,ANY,BUCCAL,NORTHANTS,1,10,t
1099,Chestnut House No. 81,FLOATING,SUNDAY,12:00:00,14:00:00,,,2.0,ANY,,NORTHANTS,1,10,t
1100,Willow Rise No. 82,WAKING_NIGHT,MONDAY,20:00:00,08:00:00,,,12.0,ANY,,NORTHANTS,1,10,t
1101,Willow Rise No. 82,WAKING_NIGHT,TUESDAY,20:00:00,08:00:00,,,12.0,ANY,,NORTHANTS,1,10,t
1102,Willow Rise No. 82,WAKING_NIGHT,WEDNESDAY,20:00:00,08:00:00,,,12.0,ANY,,NORTHANTS,1,10,t
1103,Willow Rise No. 82,WAKING_NIGHT,THURSDAY,20:00:00,08:00:00,,,12.0,ANY,,NORTHANTS,1,10,t
1104,Willow Rise No. 82,WAKING_NIGHT,FRIDAY,20:00:00,08:00:00,,,12.0,ANY,BUCCAL,NORTHANTS,1,10,t
1105,Willow Rise No. 82,WAKING_NIGHT,SATURDAY,20:00:00,08:00:00,,,12.0,ANY,,NORTHANTS,1,10,t
1106,Willow Rise No. 82,WAKING_NIGHT,SUNDAY,20:00:00,08:00:00,,,12.0,ANY,,NORTHANTS,1,10,t
1107,Ashgrove Road No. 83,DAY,MONDAY,08:00:00,20:00:00,,,11.0,FEMALE,,NORTHANTS,1,10,t
1108,Ashgrove Road No. 83,DAY,TUESDAY,08:00:00,20:00:00,,,11.0,FEMALE,,NORTHANTS,1,10,t
1109,Ashgrove Road No. 83,DAY,WEDNESDAY,08:00:00,20:00:00,,,11.0,ANY,,NORTHANTS,1,10,t
1110,Ashgrove Road No. 83,DAY,THURSDAY,08:00:00,20:00:00,,,11.0,ANY,,NORTHANTS,1,10,t
1111,Ashgrove Road No. 83,DAY,FRIDAY,08:00:00,20:00:00,,,11.0,ANY,,NORTHANTS,1,10,t
1112,Ashgrove Road No. 83,DAY,SATURDAY,08:00:00,20:00:00,,,11.0,FEMALE,,NORTHANTS,1,10,t
1113,Ashgrove Road No. 83,DAY,SUNDAY,08:00:00,20:00:00,,,11.0,FEMALE,,NORTHANTS,1,10,t
1114,Ashgrove Road No. 83,WAKING_NIGHT,MONDAY,20:00:00,08:00:00,,,12.0,ANY,,NORTHANTS,1,10,t
1115,Ashgrove Road No. 83,WAKING_NIGHT,TUESDAY,20:00:00,08:00:00,,,12.0,ANY,,NORTHANTS,1,10,t
1116,Ashgrove Road No. 83,WAKING_NIGHT,WEDNESDAY,20:00:00,08:00:00,,,12.0,ANY,,NORTHANTS,1,10,t
1117,Ashgrove Road No. 83,WAKING_NIGHT,THURSDAY,20:00:00,08:00:00,,,12.0,ANY,,NORTHANTS,1,10,t
1118,Ashgrove Road No. 83,WAKING_NIGHT,FRIDAY,20:00:00,08:00:00,,,12.0,FEMALE,,NORTHANTS,1,10,t
1119,Ashgrove Road No. 83,WAKING_NIGHT,SATURDAY,20:00:00,08:00:00,,,12.0,ANY,,NORTHANTS,1,10,t
1120,Ashgrove Road No. 83,WAKING_NIGHT,SUNDAY,20:00:00,08:00:00,,,12.0,FEMALE,,NORTHANTS,1,10,t
1121,Ashgrove Road No. 83,SLEEP_IN,MONDAY,22:00:00,07:00:00,,,9.0,FEMALE,,NORTHANTS,1,10,t
1122,Ashgrove Road No. 83,SLEEP_IN,TUESDAY,22:00:00,07:00:00,,,9.0,ANY,,NORTHANTS,1,10,t
1123,Ashgrove Road No. 83,SLEEP_IN,WEDNESDAY,22:00:00,07:00:00,,,9.0,FEMALE,,NORTHANTS,1,10,t
1124,Ashgrove Road No. 83,SLEEP_IN,THURSDAY,22:00:00,07:00:00,,,9.0,FEMALE,,NORTHANTS,1,10,t
1125,Ashgrove Road No. 83,SLEEP_IN,FRIDAY,22:00:00,07:00:00,,,9.0,ANY,,NORTHANTS,1,10,t
1126,Ashgrove Road No. 83,SLEEP_IN,SATURDAY,22:00:00,07:00:00,,,9.0,FEMALE,,NORTHANTS,1,10,t
1127,Ashgrove Road No. 83,SLEEP_IN,SUNDAY,22:00:00,07:00:00,,,9.0,ANY,,NORTHANTS,1,10,t
1128,Ashgrove Road No. 83,CARE_CALL,MONDAY,06:30:00,21:30:00,,,12.0,FEMALE,,NORTHANTS,1,1,t
1129,Ashgrove Road No. 83,CARE_CALL,TUESDAY,06:30:00,21:30:00,,,12.0,FEMALE,,NORTHANTS,2,1,t
1130,Ashgrove Road No. 83,CARE_CALL,WEDNESDAY,06:30:00,21:30:00,,,12.0,ANY,,NORTHANTS,1,1,t
1131,Ashgrove Road No. 83,CARE_CALL,THURSDAY,06:30:00,21:30:00,,,12.0,FEMALE,,NORTHANTS,1,1,t
1132,Ashgrove Road No. 83,CARE_CALL,FRIDAY,06:30:00,21:30:00,,,12.0,FEMALE,,NORTHANTS,1,1,t
1133,Ashgrove Road No. 83,CARE_CALL,SATURDAY,06:30:00,21:30:00,,,12.0,FEMALE,,NORTHANTS,2,1,t
1134,Ashgrove Road No. 83,CARE_CALL,SUNDAY,06:30:00,21:30:00,,,12.0,FEMALE,,NORTHANTS,1,1,t
1135,Sycamore Gardens No. 84,DAY,MONDAY,08:00:00,20:00:00,,,11.0,MALE,,BUCKS,1,10,t
1136,Sycamore Gardens No. 84,DAY,TUESDAY,08:00:00,20:00:00,,,11.0,MALE,,BUCKS,1,10,t
1137,Sycamore Gardens No. 84,DAY,WEDNESDAY,08:00:00,20:00:00,,,11.0,MALE,,BUCKS,1,10,t
1138,Sycamore Gardens No. 84,DAY,THURSDAY,08:00:00,20:00:00,,,11.0,ANY,,BUCKS,1,10,t
1139,Sycamore Gardens No. 84,DAY,FRIDAY,08:00:00,20:00:00,,,11.0,MALE,,BUCKS,1,10,t
1140,Sycamore Gardens No. 84,DAY,SATURDAY,08:00:00,20:00:00,,,11.0,ANY,,BUCKS,1,10,t
1141,Sycamore Gardens No. 84,DAY,SUNDAY,08:00:00,20:00:00,,,11.0,MALE,,BUCKS,1,10,t
1142,Sycamore Gardens No. 84,FLOATING,MONDAY,12:00:00,14:00:00,,,2.0,ANY,,BUCKS,1,10,t
1143,Sycamore Gardens No. 84,FLOATING,TUESDAY,12:00:00,14:00:00,,,2.0,ANY,BUCCAL,BUCKS,1,10,t
1144,Sycamore Gardens No. 84,FLOATING,WEDNESDAY,12:00:00,14:00:00,,,2.0,ANY,,BUCKS,1,10,t
1145,Sycamore Gardens No. 84,FLOATING,THURSDAY,12:00:00,14:00:00,,,2.0,ANY,,BUCKS,1,10,t
1146,Sycamore Gardens No. 84,FLOATING,FRIDAY,12:00:00,14:00:00,,,2.0,ANY,,BUCKS,1,10,t
1147,Sycamore Gardens No. 84,FLOATING,SATURDAY,12:00:00,14:00:00,,,2.0,ANY,,BUCKS,1,10,t
1148,Sycamore Gardens No. 84,FLOATING,SUNDAY,12:00:00,14:00:00,,,2.0,ANY,,BUCKS,1,10,t
1149,Sycamore Gardens No. 84,LONG_DAY,MONDAY,07:00:00,22:00:00,12:00:00,14:00:00,13.0,MALE,,BUCKS,1,10,t
1150,Sycamore Gardens No. 84,LONG_DAY,TUESDAY,07:00:00,22:00:00,12:00:00,14:00:00,13.0,MALE,,BUCKS,1,10,t
1151,Sycamore Gardens No. 84,LONG_DAY,WEDNESDAY,07:00:00,22:00:00,12:00:00,14:00:00,13.0,MALE,,BUCKS,1,10,t
1152,Sycamore Gardens No. 84,LONG_DAY,THURSDAY,07:00:00,22:00:00,12:00:00,14:00:00,13.0,MALE,,BUCKS,1,10,t
1153,Sycamore Gardens No. 84,LONG_DAY,FRIDAY,07:00:00,22:00:00,12:00:00,14:00:00,13.0,MALE,,BUCKS,1,10,t
1154,Sycamore Gardens No. 84,LONG_DAY,SATURDAY,07:00:00,22:00:00,12:00:00,14:00:00,13.0,ANY,,BUCKS,1,10,t
1155,Sycamore Gardens No. 84,LONG_DAY,SUNDAY,07:00:00,22:00:00,12:00:00,14:00:00,13.0,MALE,,BUCKS,1,10,t
1156,Rowan Close No. 85,WAKING_NIGHT,MONDAY,20:00:00,08:00:00,,,12.0,MALE,,BUCKS,1,10,t
1157,Rowan Close No. 85,WAKING_NIGHT,TUESDAY,20:00:00,08:00:00,,,12.0,ANY,BUCCAL,BUCKS,1,10,t
1158,Rowan Close No. 85,WAKING_NIGHT,WEDNESDAY,20:00:00,08:00:00,,,12.0,MALE,BUCCAL,BUCKS,1,10,t
1159,Rowan Close No. 85,WAKING_NIGHT,THURSDAY,20:00:00,08:00:00,,,12.0,MALE,,BUCKS,1,10,t
1160,Rowan Close No. 85,WAKING_NIGHT,FRIDAY,20:00:00,08:00:00,,,12.0,MALE,,BUCKS,1,10,t
1161,Rowan Close No. 85,WAKING_NIGHT,SATURDAY,20:00:00,08:00:00,,,12.0,MALE,,BUCKS,1,10,t
1162,Rowan Close No. 85,WAKING_NIGHT,SUNDAY,20:00:00,08:00:00,,,12.0,MALE,,BUCKS,1,10,t
1163,Rowan Close No. 85,LONG_DAY,MONDAY,07:00:00,22:00:00,12:00:00,14:00:00,13.0,ANY,,BUCKS,1,10,t
1164,Rowan Close No. 85,LONG_DAY,TUESDAY,07:00:00,22:00:00,12:00:00,14:00:00,13.0,MALE,,BUCKS,1,10,t
1165,Rowan Close No. 85,LONG_DAY,WEDNESDAY,07:00:00,22:00:00,12:00:00,14:00:00,13.0,MALE,,BUCKS,1,10,t
1166,Rowan Close No. 85,LONG_DAY,THURSDAY,07:00:00,22:00:00,12:00:00,14:00:00,13.0,MALE,,BUCKS,1,10,t
1167,Rowan Close No. 85,LONG_DAY,FRIDAY,07:00:00,22:00:00,12:00:00,14:00:00,13.0,MALE,,BUCKS,1,10,t
1168,Rowan Close No. 85,LONG_DAY,SATURDAY,07:00:00,22:00:00,12:00:00,14:00:00,13.0,MALE,BUCCAL,BUCKS,1,10,t
1169,Rowan Close No. 85,LONG_DAY,SUNDAY,07:00:00,22:00:00,12:00:00,14:00:00,13.0,MALE,,BUCKS,1,10,t
1170,Rowan Close No. 85,SLEEP_IN,MONDAY,22:00:00,07:00:00,,,9.0,MALE,,BUCKS,1,10,t
1171,Rowan Close No. 85,SLEEP_IN,TUESDAY,22:00:00,07:00:00,,,9.0,ANY,,BUCKS,1,10,t
1172,Rowan Close No. 85,SLEEP_IN,WEDNESDAY,22:00:00,07:00:00,,,9.0,MALE,,BUCKS,1,10,t
1173,Rowan Close No. 85,SLEEP_IN,THURSDAY,22:00:00,07:00:00,,,9.0,MALE,,BUCKS,1,10,t
1174,Rowan Close No. 85,SLEEP_IN,FRIDAY,22:00:00,07:00:00,,,9.0,MALE,,BUCKS,1,10,t
1175,Rowan Close No. 85,SLEEP_IN,SATURDAY,22:00:00,07:00:00,,,9.0,MALE,,BUCKS,1,10,t
1176,Rowan Close No. 85,SLEEP_IN,SUNDAY,22:00:00,07:00:00,,,9.0,MALE,,BUCKS,1,10,t
1177,Harewood House No. 86,LONG_DAY,MONDAY,07:00:00,22:00:00,12:00:00,14:00:00,13.0,ANY,,BUCKS,1,10,t
1178,Harewood House No. 86,LONG_DAY,TUESDAY,07:00:00,22:00:00,12:00:00,14:00:00,13.0,ANY,,BUCKS,1,10,t
1179,Harewood House No. 86,LONG_DAY,WEDNESDAY,07:00:00,22:00:00,12:00:00,14:00:00,13.0,FEMALE,,BUCKS,1,10,t
1180,Harewood House No. 86,LONG_DAY,THURSDAY,07:00:00,22:00:00,12:00:00,14:00:00,13.0,FEMALE,,BUCKS,1,10,t
1181,Harewood House No. 86,LONG_DAY,FRIDAY,07:00:00,22:00:00,12:00:00,14:00:00,13.0,FEMALE,,BUCKS,1,10,t
1182,Harewood House No. 86,LONG_DAY,SATURDAY,07:00:00,22:00:00,12:00:00,14:00:00,13.0,FEMALE,BUCCAL,BUCKS,1,10,t
1183,Harewood House No. 86,LONG_DAY,SUNDAY,07:00:00,22:00:00,12:00:00,14:00:00,13.0,ANY,,BUCKS,1,10,t
1184,Priory Gardens No. 87,DAY,MONDAY,08:00:00,20:00:00,,,11.0,MALE,,BUCKS,1,10,t
1185,Priory Gardens No. 87,DAY,TUESDAY,08:00:00,20:00:00,,,11.0,MALE,,BUCKS,1,10,t
1186,Priory Gardens No. 87,DAY,WEDNESDAY,08:00:00,20:00:00,,,11.0,ANY,,BUCKS,1,10,t
1187,Priory Gardens No. 87,DAY,THURSDAY,08:00:00,20:00:00,,,11.0,MALE,,BUCKS,1,10,t
1188,Priory Gardens No. 87,DAY,FRIDAY,08:00:00,20:00:00,,,11.0,MALE,,BUCKS,1,10,t
1189,Priory Gardens No. 87,DAY,SATURDAY,08:00:00,20:00:00,,,11.0,MALE,,BUCKS,1,10,t
1190,Priory Gardens No. 87,DAY,SUNDAY,08:00:00,20:00:00,,,11.0,MALE,,BUCKS,1,10,t
1191,Priory Gardens No. 87,LONG_DAY,MONDAY,07:00:00,22:00:00,12:00:00,14:00:00,13.0,MALE,BUCCAL,BUCKS,1,10,t
1192,Priory Gardens No. 87,LONG_DAY,TUESDAY,07:00:00,22:00:00,12:00:00,14:00:00,13.0,MALE,,BUCKS,1,10,t
1193,Priory Gardens No. 87,LONG_DAY,WEDNESDAY,07:00:00,22:00:00,12:00:00,14:00:00,13.0,MALE,,BUCKS,1,10,t
1194,Priory Gardens No. 87,LONG_DAY,THURSDAY,07:00:00,22:00:00,12:00:00,14:00:00,13.0,ANY,,BUCKS,1,10,t
1195,Priory Gardens No. 87,LONG_DAY,FRIDAY,07:00:00,22:00:00,12:00:00,14:00:00,13.0,MALE,BUCCAL,BUCKS,1,10,t
1196,Priory Gardens No. 87,LONG_DAY,SATURDAY,07:00:00,22:00:00,12:00:00,14:00:00,13.0,MALE,,BUCKS,1,10,t
1197,Priory Gardens No. 87,LONG_DAY,SUNDAY,07:00:00,22:00:00,12:00:00,14:00:00,13.0,MALE,,BUCKS,1,10,t
1198,Cedar Court No. 88,WAKING_NIGHT,MONDAY,20:00:00,08:00:00,,,12.0,ANY,,BUCKS,1,10,t
1199,Cedar Court No. 88,WAKING_NIGHT,TUESDAY,20:00:00,08:00:00,,,12.0,ANY,,BUCKS,1,10,t
1200,Cedar Court No. 88,WAKING_NIGHT,WEDNESDAY,20:00:00,08:00:00,,,12.0,ANY,,BUCKS,1,10,t
1201,Cedar Court No. 88,WAKING_NIGHT,THURSDAY,20:00:00,08:00:00,,,12.0,ANY,,BUCKS,1,10,t
1202,Cedar Court No. 88,WAKING_NIGHT,FRIDAY,20:00:00,08:00:00,,,12.0,ANY,,BUCKS,1,10,t
1203,Cedar Court No. 88,WAKING_NIGHT,SATURDAY,20:00:00,08:00:00,,,12.0,ANY,,BUCKS,1,10,t
1204,Cedar Court No. 88,WAKING_NIGHT,SUNDAY,20:00:00,08:00:00,,,12.0,ANY,,BUCKS,1,10,t
1205,Sycamore House No. 89,DAY,MONDAY,08:00:00,20:00:00,,,11.0,MALE,,BUCKS,1,10,t
1206,Sycamore House No. 89,DAY,TUESDAY,08:00:00,20:00:00,,,11.0,MALE,,BUCKS,1,10,t
1207,Sycamore House No. 89,DAY,WEDNESDAY,08:00:00,20:00:00,,,11.0,MALE,BUCCAL,BUCKS,1,10,t
1208,Sycamore House No. 89,DAY,THURSDAY,08:00:00,20:00:00,,,11.0,MALE,,BUCKS,1,10,t
1209,Sycamore House No. 89,DAY,FRIDAY,08:00:00,20:00:00,,,11.0,MALE,,BUCKS,1,10,t
1210,Sycamore House No. 89,DAY,SATURDAY,08:00:00,20:00:00,,,11.0,MALE,BUCCAL,BUCKS,1,10,t
1211,Sycamore House No. 89,DAY,SUNDAY,08:00:00,20:00:00,,,11.0,MALE,,BUCKS,1,10,t
1212,Sycamore House No. 89,FLOATING,MONDAY,12:00:00,14:00:00,,,2.0,ANY,,BUCKS,1,10,t
1213,Sycamore House No. 89,FLOATING,TUESDAY,12:00:00,14:00:00,,,2.0,ANY,,BUCKS,1,10,t
1214,Sycamore House No. 89,FLOATING,WEDNESDAY,12:00:00,14:00:00,,,2.0,ANY,,BUCKS,1,10,t
1215,Sycamore House No. 89,FLOATING,THURSDAY,12:00:00,14:00:00,,,2.0,ANY,,BUCKS,1,10,t
1216,Sycamore House No. 89,FLOATING,FRIDAY,12:00:00,14:00:00,,,2.0,ANY,,BUCKS,1,10,t
1217,Sycamore House No. 89,FLOATING,SATURDAY,12:00:00,14:00:00,,,2.0,ANY,,BUCKS,1,10,t
1218,Sycamore House No. 89,FLOATING,SUNDAY,12:00:00,14:00:00,,,2.0,ANY,,BUCKS,1,10,t
1219,Maple Gardens No. 90,DAY,MONDAY,08:00:00,20:00:00,,,11.0,ANY,,BUCKS,1,10,t
1220,Maple Gardens No. 90,DAY,TUESDAY,08:00:00,20:00:00,,,11.0,FEMALE,,BUCKS,1,10,t
1221,Maple Gardens No. 90,DAY,WEDNESDAY,08:00:00,20:00:00,,,11.0,ANY,BUCCAL,BUCKS,1,10,t
1222,Maple Gardens No. 90,DAY,THURSDAY,08:00:00,20:00:00,,,11.0,ANY,,BUCKS,1,10,t
1223,Maple Gardens No. 90,DAY,FRIDAY,08:00:00,20:00:00,,,11.0,FEMALE,,BUCKS,1,10,t
1224,Maple Gardens No. 90,DAY,SATURDAY,08:00:00,20:00:00,,,11.0,FEMALE,BUCCAL,BUCKS,1,10,t
1225,Maple Gardens No. 90,DAY,SUNDAY,08:00:00,20:00:00,,,11.0,ANY,,BUCKS,1,10,t
1226,Maple Gardens No. 90,LONG_DAY,MONDAY,07:00:00,22:00:00,12:00:00,14:00:00,13.0,FEMALE,,BUCKS,1,10,t
1227,Maple Gardens No. 90,LONG_DAY,TUESDAY,07:00:00,22:00:00,12:00:00,14:00:00,13.0,FEMALE,,BUCKS,2,10,t
1228,Maple Gardens No. 90,LONG_DAY,WEDNESDAY,07:00:00,22:00:00,12:00:00,14:00:00,13.0,FEMALE,BUCCAL,BUCKS,1,10,t
1229,Maple Gardens No. 90,LONG_DAY,THURSDAY,07:00:00,22:00:00,12:00:00,14:00:00,13.0,ANY,,BUCKS,1,10,t
1230,Maple Gardens No. 90,LONG_DAY,FRIDAY,07:00:00,22:00:00,12:00:00,14:00:00,13.0,ANY,,BUCKS,1,10,t
1231,Maple Gardens No. 90,LONG_DAY,SATURDAY,07:00:00,22:00:00,12:00:00,14:00:00,13.0,FEMALE,,BUCKS,1,10,t
1232,Maple Gardens No. 90,LONG_DAY,SUNDAY,07:00:00,22:00:00,12:00:00,14:00:00,13.0,FEMALE,BUCCAL,BUCKS,1,10,t
1233,Grange Lodge No. 91,DAY,MONDAY,08:00:00,20:00:00,,,11.0,FEMALE,,CORNWALL,1,10,t
1234,Grange Lodge No. 91,DAY,TUESDAY,08:00:00,20:00:00,,,11.0,FEMALE,,CORNWALL,1,10,t
1235,Grange Lodge No. 91,DAY,WEDNESDAY,08:00:00,20:00:00,,,11.0,FEMALE,,CORNWALL,1,10,t
1236,Grange Lodge No. 91,DAY,THURSDAY,08:00:00,20:00:00,,,11.0,FEMALE,BUCCAL,CORNWALL,1,10,t
1237,Grange Lodge No. 91,DAY,FRIDAY,08:00:00,20:00:00,,,11.0,FEMALE,BUCCAL,CORNWALL,1,10,t
1238,Grange Lodge No. 91,DAY,SATURDAY,08:00:00,20:00:00,,,11.0,FEMALE,,CORNWALL,1,10,t
1239,Grange Lodge No. 91,DAY,SUNDAY,08:00:00,20:00:00,,,11.0,FEMALE,,CORNWALL,1,10,t
1240,Grange Lodge No. 91,WAKING_NIGHT,MONDAY,20:00:00,08:00:00,,,12.0,FEMALE,,CORNWALL,1,10,t
1241,Grange Lodge No. 91,WAKING_NIGHT,TUESDAY,20:00:00,08:00:00,,,12.0,FEMALE,,CORNWALL,1,10,t
1242,Grange Lodge No. 91,WAKING_NIGHT,WEDNESDAY,20:00:00,08:00:00,,,12.0,FEMALE,,CORNWALL,1,10,t
1243,Grange Lodge No. 91,WAKING_NIGHT,THURSDAY,20:00:00,08:00:00,,,12.0,ANY,,CORNWALL,1,10,t
1244,Grange Lodge No. 91,WAKING_NIGHT,FRIDAY,20:00:00,08:00:00,,,12.0,FEMALE,,CORNWALL,1,10,t
1245,Grange Lodge No. 91,WAKING_NIGHT,SATURDAY,20:00:00,08:00:00,,,12.0,FEMALE,,CORNWALL,1,10,t
1246,Grange Lodge No. 91,WAKING_NIGHT,SUNDAY,20:00:00,08:00:00,,,12.0,FEMALE,,CORNWALL,1,10,t
1247,Grange Lodge No. 91,FLOATING,MONDAY,12:00:00,14:00:00,,,2.0,ANY,,CORNWALL,1,10,t
1248,Grange Lodge No. 91,FLOATING,TUESDAY,12:00:00,14:00:00,,,2.0,ANY,,CORNWALL,1,10,t
1249,Grange Lodge No. 91,FLOATING,WEDNESDAY,12:00:00,14:00:00,,,2.0,ANY,,CORNWALL,1,10,t
1250,Grange Lodge No. 91,FLOATING,THURSDAY,12:00:00,14:00:00,,,2.0,ANY,,CORNWALL,1,10,t
1251,Grange Lodge No. 91,FLOATING,FRIDAY,12:00:00,14:00:00,,,2.0,ANY,,CORNWALL,1,10,t
1252,Grange Lodge No. 91,FLOATING,SATURDAY,12:00:00,14:00:00,,,2.0,ANY,,CORNWALL,1,10,t
1253,Grange Lodge No. 91,FLOATING,SUNDAY,12:00:00,14:00:00,,,2.0,ANY,,CORNWALL,1,10,t
1254,Grange Lodge No. 91,LONG_DAY,MONDAY,07:00:00,22:00:00,12:00:00,14:00:00,13.0,ANY,,CORNWALL,1,10,t
1255,Grange Lodge No. 91,LONG_DAY,TUESDAY,07:00:00,22:00:00,12:00:00,14:00:00,13.0,FEMALE,,CORNWALL,1,10,t
1256,Grange Lodge No. 91,LONG_DAY,WEDNESDAY,07:00:00,22:00:00,12:00:00,14:00:00,13.0,FEMALE,,CORNWALL,1,10,t
1257,Grange Lodge No. 91,LONG_DAY,THURSDAY,07:00:00,22:00:00,12:00:00,14:00:00,13.0,FEMALE,,CORNWALL,1,10,t
1258,Grange Lodge No. 91,LONG_DAY,FRIDAY,07:00:00,22:00:00,12:00:00,14:00:00,13.0,ANY,,CORNWALL,1,10,t
1259,Grange Lodge No. 91,LONG_DAY,SATURDAY,07:00:00,22:00:00,12:00:00,14:00:00,13.0,FEMALE,,CORNWALL,1,10,t
1260,Grange Lodge No. 91,LONG_DAY,SUNDAY,07:00:00,22:00:00,12:00:00,14:00:00,13.0,FEMALE,,CORNWALL,1,10,t
1261,Willow House No. 92,WAKING_NIGHT,MONDAY,20:00:00,08:00:00,,,12.0,FEMALE,,CORNWALL,1,10,t
1262,Willow House No. 92,WAKING_NIGHT,TUESDAY,20:00:00,08:00:00,,,12.0,FEMALE,,CORNWALL,1,10,t
1263,Willow House No. 92,WAKING_NIGHT,WEDNESDAY,20:00:00,08:00:00,,,12.0,ANY,,CORNWALL,1,10,t
1264,Willow House No. 92,WAKING_NIGHT,THURSDAY,20:00:00,08:00:00,,,12.0,FEMALE,,CORNWALL,1,10,t
1265,Willow House No. 92,WAKING_NIGHT,FRIDAY,20:00:00,08:00:00,,,12.0,FEMALE,,CORNWALL,1,10,t
1266,Willow House No. 92,WAKING_NIGHT,SATURDAY,20:00:00,08:00:00,,,12.0,FEMALE,,CORNWALL,1,10,t
1267,Willow House No. 92,WAKING_NIGHT,SUNDAY,20:00:00,08:00:00,,,12.0,FEMALE,,CORNWALL,1,10,t
1268,Grange Avenue No. 93,DAY,MONDAY,08:00:00,20:00:00,,,11.0,ANY,,CORNWALL,1,10,t
1269,Grange Avenue No. 93,DAY,TUESDAY,08:00:00,20:00:00,,,11.0,ANY,,CORNWALL,1,10,t
1270,Grange Avenue No. 93,DAY,WEDNESDAY,08:00:00,20:00:00,,,11.0,ANY,,CORNWALL,1,10,t
1271,Grange Avenue No. 93,DAY,THURSDAY,08:00:00,20:00:00,,,11.0,ANY,BUCCAL,CORNWALL,1,10,t
1272,Grange Avenue No. 93,DAY,FRIDAY,08:00:00,20:00:00,,,11.0,ANY,,CORNWALL,1,10,t
1273,Grange Avenue No. 93,DAY,SATURDAY,08:00:00,20:00:00,,,11.0,ANY,,CORNWALL,1,10,t
1274,Grange Avenue No. 93,DAY,SUNDAY,08:00:00,20:00:00,,,11.0,ANY,,CORNWALL,1,10,t
1275,Grange Avenue No. 93,WAKING_NIGHT,MONDAY,20:00:00,08:00:00,,,12.0,ANY,,CORNWALL,1,10,t
1276,Grange Avenue No. 93,WAKING_NIGHT,TUESDAY,20:00:00,08:00:00,,,12.0,ANY,,CORNWALL,1,10,t
1277,Grange Avenue No. 93,WAKING_NIGHT,WEDNESDAY,20:00:00,08:00:00,,,12.0,ANY,,CORNWALL,1,10,t
1278,Grange Avenue No. 93,WAKING_NIGHT,THURSDAY,20:00:00,08:00:00,,,12.0,ANY,,CORNWALL,1,10,t
1279,Grange Avenue No. 93,WAKING_NIGHT,FRIDAY,20:00:00,08:00:00,,,12.0,ANY,,CORNWALL,1,10,t
1280,Grange Avenue No. 93,WAKING_NIGHT,SATURDAY,20:00:00,08:00:00,,,12.0,ANY,,CORNWALL,1,10,t
1281,Grange Avenue No. 93,WAKING_NIGHT,SUNDAY,20:00:00,08:00:00,,,12.0,ANY,,CORNWALL,1,10,t
1282,Cedar Close No. 94,DAY,MONDAY,08:00:00,20:00:00,,,11.0,FEMALE,,CORNWALL,1,10,t
1283,Cedar Close No. 94,DAY,TUESDAY,08:00:00,20:00:00,,,11.0,ANY,,CORNWALL,1,10,t
1284,Cedar Close No. 94,DAY,WEDNESDAY,08:00:00,20:00:00,,,11.0,ANY,,CORNWALL,1,10,t
1285,Cedar Close No. 94,DAY,THURSDAY,08:00:00,20:00:00,,,11.0,FEMALE,,CORNWALL,1,10,t
1286,Cedar Close No. 94,DAY,FRIDAY,08:00:00,20:00:00,,,11.0,FEMALE,,CORNWALL,1,10,t
1287,Cedar Close No. 94,DAY,SATURDAY,08:00:00,20:00:00,,,11.0,FEMALE,,CORNWALL,1,10,t
1288,Cedar Close No. 94,DAY,SUNDAY,08:00:00,20:00:00,,,11.0,ANY,,CORNWALL,1,10,t
1289,Cedar Close No. 94,WAKING_NIGHT,MONDAY,20:00:00,08:00:00,,,12.0,FEMALE,,CORNWALL,1,10,t
1290,Cedar Close No. 94,WAKING_NIGHT,TUESDAY,20:00:00,08:00:00,,,12.0,FEMALE,,CORNWALL,1,10,t
1291,Cedar Close No. 94,WAKING_NIGHT,WEDNESDAY,20:00:00,08:00:00,,,12.0,ANY,,CORNWALL,1,10,t
1292,Cedar Close No. 94,WAKING_NIGHT,THURSDAY,20:00:00,08:00:00,,,12.0,ANY,BUCCAL,CORNWALL,1,10,t
1293,Cedar Close No. 94,WAKING_NIGHT,FRIDAY,20:00:00,08:00:00,,,12.0,FEMALE,,CORNWALL,1,10,t
1294,Cedar Close No. 94,WAKING_NIGHT,SATURDAY,20:00:00,08:00:00,,,12.0,FEMALE,,CORNWALL,1,10,t
1295,Cedar Close No. 94,WAKING_NIGHT,SUNDAY,20:00:00,08:00:00,,,12.0,FEMALE,,CORNWALL,1,10,t
1296,Hillcrest Road No. 95,DAY,MONDAY,08:00:00,20:00:00,,,11.0,ANY,,CORNWALL,1,10,t
1297,Hillcrest Road No. 95,DAY,TUESDAY,08:00:00,20:00:00,,,11.0,ANY,,CORNWALL,1,10,t
1298,Hillcrest Road No. 95,DAY,WEDNESDAY,08:00:00,20:00:00,,,11.0,ANY,,CORNWALL,1,10,t
1299,Hillcrest Road No. 95,DAY,THURSDAY,08:00:00,20:00:00,,,11.0,ANY,,CORNWALL,1,10,t
1300,Hillcrest Road No. 95,DAY,FRIDAY,08:00:00,20:00:00,,,11.0,ANY,,CORNWALL,1,10,t
1301,Hillcrest Road No. 95,DAY,SATURDAY,08:00:00,20:00:00,,,11.0,ANY,,CORNWALL,2,10,t
1302,Hillcrest Road No. 95,DAY,SUNDAY,08:00:00,20:00:00,,,11.0,ANY,,CORNWALL,1,10,t
1303,Hillcrest Road No. 95,WAKING_NIGHT,MONDAY,20:00:00,08:00:00,,,12.0,ANY,,CORNWALL,1,10,t
1304,Hillcrest Road No. 95,WAKING_NIGHT,TUESDAY,20:00:00,08:00:00,,,12.0,ANY,,CORNWALL,1,10,t
1305,Hillcrest Road No. 95,WAKING_NIGHT,WEDNESDAY,20:00:00,08:00:00,,,12.0,ANY,,CORNWALL,1,10,t
1306,Hillcrest Road No. 95,WAKING_NIGHT,THURSDAY,20:00:00,08:00:00,,,12.0,ANY,,CORNWALL,1,10,t
1307,Hillcrest Road No. 95,WAKING_NIGHT,FRIDAY,20:00:00,08:00:00,,,12.0,ANY,BUCCAL,CORNWALL,1,10,t
1308,Hillcrest Road No. 95,WAKING_NIGHT,SATURDAY,20:00:00,08:00:00,,,12.0,ANY,,CORNWALL,1,10,t
1309,Hillcrest Road No. 95,WAKING_NIGHT,SUNDAY,20:00:00,08:00:00,,,12.0,ANY,,CORNWALL,1,10,t
1310,Hillcrest Road No. 95,FLOATING,MONDAY,12:00:00,14:00:00,,,2.0,ANY,,CORNWALL,1,10,t
1311,Hillcrest Road No. 95,FLOATING,TUESDAY,12:00:00,14:00:00,,,2.0,ANY,,CORNWALL,1,10,t
1312,Hillcrest Road No. 95,FLOATING,WEDNESDAY,12:00:00,14:00:00,,,2.0,ANY,,CORNWALL,1,10,t
1313,Hillcrest Road No. 95,FLOATING,THURSDAY,12:00:00,14:00:00,,,2.0,ANY,,CORNWALL,1,10,t
1314,Hillcrest Road No. 95,FLOATING,FRIDAY,12:00:00,14:00:00,,,2.0,ANY,,CORNWALL,1,10,t
1315,Hillcrest Road No. 95,FLOATING,SATURDAY,12:00:00,14:00:00,,,2.0,ANY,,CORNWALL,1,10,t
1316,Hillcrest Road No. 95,FLOATING,SUNDAY,12:00:00,14:00:00,,,2.0,ANY,BUCCAL,CORNWALL,1,10,t
1317,Hillcrest Road No. 95,SLEEP_IN,MONDAY,22:00:00,07:00:00,,,9.0,ANY,,CORNWALL,1,10,t
1318,Hillcrest Road No. 95,SLEEP_IN,TUESDAY,22:00:00,07:00:00,,,9.0,ANY,,CORNWALL,1,10,t
1319,Hillcrest Road No. 95,SLEEP_IN,WEDNESDAY,22:00:00,07:00:00,,,9.0,ANY,,CORNWALL,1,10,t
1320,Hillcrest Road No. 95,SLEEP_IN,THURSDAY,22:00:00,07:00:00,,,9.0,ANY,,CORNWALL,1,10,t
1321,Hillcrest Road No. 95,SLEEP_IN,FRIDAY,22:00:00,07:00:00,,,9.0,ANY,,CORNWALL,1,10,t
1322,Hillcrest Road No. 95,SLEEP_IN,SATURDAY,22:00:00,07:00:00,,,9.0,ANY,,CORNWALL,1,10,t
1323,Hillcrest Road No. 95,SLEEP_IN,SUNDAY,22:00:00,07:00:00,,,9.0,ANY,BUCCAL,CORNWALL,1,10,t
1324,Brookside Gardens No. 96,DAY,MONDAY,08:00:00,20:00:00,,,11.0,ANY,,CORNWALL,1,10,t
1325,Brookside Gardens No. 96,DAY,TUESDAY,08:00:00,20:00:00,,,11.0,ANY,,CORNWALL,1,10,t
1326,Brookside Gardens No. 96,DAY,WEDNESDAY,08:00:00,20:00:00,,,11.0,ANY,,CORNWALL,1,10,t
1327,Brookside Gardens No. 96,DAY,THURSDAY,08:00:00,20:00:00,,,11.0,ANY,,CORNWALL,1,10,t
1328,Brookside Gardens No. 96,DAY,FRIDAY,08:00:00,20:00:00,,,11.0,ANY,,CORNWALL,1,10,t
1329,Brookside Gardens No. 96,DAY,SATURDAY,08:00:00,20:00:00,,,11.0,ANY,,CORNWALL,1,10,t
1330,Brookside Gardens No. 96,DAY,SUNDAY,08:00:00,20:00:00,,,11.0,ANY,,CORNWALL,1,10,t
1331,Brookside Gardens No. 96,LONG_DAY,MONDAY,07:00:00,22:00:00,12:00:00,14:00:00,13.0,ANY,,CORNWALL,1,10,t
1332,Brookside Gardens No. 96,LONG_DAY,TUESDAY,07:00:00,22:00:00,12:00:00,14:00:00,13.0,ANY,BUCCAL,CORNWALL,1,10,t
1333,Brookside Gardens No. 96,LONG_DAY,WEDNESDAY,07:00:00,22:00:00,12:00:00,14:00:00,13.0,ANY,,CORNWALL,1,10,t
1334,Brookside Gardens No. 96,LONG_DAY,THURSDAY,07:00:00,22:00:00,12:00:00,14:00:00,13.0,ANY,,CORNWALL,1,10,t
1335,Brookside Gardens No. 96,LONG_DAY,FRIDAY,07:00:00,22:00:00,12:00:00,14:00:00,13.0,ANY,,CORNWALL,1,10,t
1336,Brookside Gardens No. 96,LONG_DAY,SATURDAY,07:00:00,22:00:00,12:00:00,14:00:00,13.0,ANY,,CORNWALL,1,10,t
1337,Brookside Gardens No. 96,LONG_DAY,SUNDAY,07:00:00,22:00:00,12:00:00,14:00:00,13.0,ANY,,CORNWALL,1,10,t
1338,Rowan Close No. 97,DAY,MONDAY,08:00:00,20:00:00,,,11.0,ANY,,GLOUCOXF,1,10,t
1339,Rowan Close No. 97,DAY,TUESDAY,08:00:00,20:00:00,,,11.0,ANY,,GLOUCOXF,1,10,t
1340,Rowan Close No. 97,DAY,WEDNESDAY,08:00:00,20:00:00,,,11.0,ANY,,GLOUCOXF,1,10,t
1341,Rowan Close No. 97,DAY,THURSDAY,08:00:00,20:00:00,,,11.0,ANY,,GLOUCOXF,1,10,t
1342,Rowan Close No. 97,DAY,FRIDAY,08:00:00,20:00:00,,,11.0,ANY,,GLOUCOXF,1,10,t
1343,Rowan Close No. 97,DAY,SATURDAY,08:00:00,20:00:00,,,11.0,ANY,,GLOUCOXF,1,10,t
1344,Rowan Close No. 97,DAY,SUNDAY,08:00:00,20:00:00,,,11.0,ANY,,GLOUCOXF,1,10,t
1345,Rowan Close No. 97,LONG_DAY,MONDAY,07:00:00,22:00:00,12:00:00,14:00:00,13.0,ANY,,GLOUCOXF,1,10,t
1346,Rowan Close No. 97,LONG_DAY,TUESDAY,07:00:00,22:00:00,12:00:00,14:00:00,13.0,ANY,,GLOUCOXF,1,10,t
1347,Rowan Close No. 97,LONG_DAY,WEDNESDAY,07:00:00,22:00:00,12:00:00,14:00:00,13.0,ANY,,GLOUCOXF,1,10,t
1348,Rowan Close No. 97,LONG_DAY,THURSDAY,07:00:00,22:00:00,12:00:00,14:00:00,13.0,ANY,,GLOUCOXF,1,10,t
1349,Rowan Close No. 97,LONG_DAY,FRIDAY,07:00:00,22:00:00,12:00:00,14:00:00,13.0,ANY,,GLOUCOXF,1,10,t
1350,Rowan Close No. 97,LONG_DAY,SATURDAY,07:00:00,22:00:00,12:00:00,14:00:00,13.0,ANY,,GLOUCOXF,1,10,t
1351,Rowan Close No. 97,LONG_DAY,SUNDAY,07:00:00,22:00:00,12:00:00,14:00:00,13.0,ANY,,GLOUCOXF,1,10,t
1352,Oakfield Road No. 98,DAY,MONDAY,08:00:00,20:00:00,,,11.0,FEMALE,,GLOUCOXF,1,10,t
1353,Oakfield Road No. 98,DAY,TUESDAY,08:00:00,20:00:00,,,11.0,FEMALE,BUCCAL,GLOUCOXF,1,10,t
1354,Oakfield Road No. 98,DAY,WEDNESDAY,08:00:00,20:00:00,,,11.0,FEMALE,,GLOUCOXF,1,10,t
1355,Oakfield Road No. 98,DAY,THURSDAY,08:00:00,20:00:00,,,11.0,ANY,,GLOUCOXF,1,10,t
1356,Oakfield Road No. 98,DAY,FRIDAY,08:00:00,20:00:00,,,11.0,FEMALE,,GLOUCOXF,1,10,t
1357,Oakfield Road No. 98,DAY,SATURDAY,08:00:00,20:00:00,,,11.0,FEMALE,BUCCAL,GLOUCOXF,1,10,t
1358,Oakfield Road No. 98,DAY,SUNDAY,08:00:00,20:00:00,,,11.0,FEMALE,,GLOUCOXF,1,10,t
1359,Oakfield Road No. 98,FLOATING,MONDAY,12:00:00,14:00:00,,,2.0,ANY,,GLOUCOXF,1,10,t
1360,Oakfield Road No. 98,FLOATING,TUESDAY,12:00:00,14:00:00,,,2.0,ANY,,GLOUCOXF,1,10,t
1361,Oakfield Road No. 98,FLOATING,WEDNESDAY,12:00:00,14:00:00,,,2.0,ANY,,GLOUCOXF,1,10,t
1362,Oakfield Road No. 98,FLOATING,THURSDAY,12:00:00,14:00:00,,,2.0,ANY,,GLOUCOXF,1,10,t
1363,Oakfield Road No. 98,FLOATING,FRIDAY,12:00:00,14:00:00,,,2.0,ANY,,GLOUCOXF,1,10,t
1364,Oakfield Road No. 98,FLOATING,SATURDAY,12:00:00,14:00:00,,,2.0,ANY,,GLOUCOXF,1,10,t
1365,Oakfield Road No. 98,FLOATING,SUNDAY,12:00:00,14:00:00,,,2.0,ANY,,GLOUCOXF,1,10,t
1366,Oakfield Road No. 98,CARE_CALL,MONDAY,06:30:00,21:30:00,,,12.0,FEMALE,,GLOUCOXF,1,1,t
1367,Oakfield Road No. 98,CARE_CALL,TUESDAY,06:30:00,21:30:00,,,12.0,FEMALE,,GLOUCOXF,1,1,t
1368,Oakfield Road No. 98,CARE_CALL,WEDNESDAY,06:30:00,21:30:00,,,12.0,ANY,BUCCAL,GLOUCOXF,1,1,t
1369,Oakfield Road No. 98,CARE_CALL,THURSDAY,06:30:00,21:30:00,,,12.0,ANY,,GLOUCOXF,1,1,t
1370,Oakfield Road No. 98,CARE_CALL,FRIDAY,06:30:00,21:30:00,,,12.0,FEMALE,,GLOUCOXF,1,1,t
1371,Oakfield Road No. 98,CARE_CALL,SATURDAY,06:30:00,21:30:00,,,12.0,FEMALE,BUCCAL,GLOUCOXF,1,1,t
1372,Oakfield Road No. 98,CARE_CALL,SUNDAY,06:30:00,21:30:00,,,12.0,ANY,,GLOUCOXF,1,1,t
1373,Ashgrove Road No. 99,DAY,MONDAY,08:00:00,20:00:00,,,11.0,MALE,BUCCAL,GLOUCOXF,1,10,t
1374,Ashgrove Road No. 99,DAY,TUESDAY,08:00:00,20:00:00,,,11.0,MALE,BUCCAL,GLOUCOXF,1,10,t
1375,Ashgrove Road No. 99,DAY,WEDNESDAY,08:00:00,20:00:00,,,11.0,MALE,,GLOUCOXF,1,10,t
1376,Ashgrove Road No. 99,DAY,THURSDAY,08:00:00,20:00:00,,,11.0,MALE,,GLOUCOXF,1,10,t
1377,Ashgrove Road No. 99,DAY,FRIDAY,08:00:00,20:00:00,,,11.0,MALE,,GLOUCOXF,1,10,t
1378,Ashgrove Road No. 99,DAY,SATURDAY,08:00:00,20:00:00,,,11.0,ANY,,GLOUCOXF,1,10,t
1379,Ashgrove Road No. 99,DAY,SUNDAY,08:00:00,20:00:00,,,11.0,MALE,,GLOUCOXF,1,10,t
1380,Ashgrove Road No. 99,WAKING_NIGHT,MONDAY,20:00:00,08:00:00,,,12.0,MALE,,GLOUCOXF,1,10,t
1381,Ashgrove Road No. 99,WAKING_NIGHT,TUESDAY,20:00:00,08:00:00,,,12.0,MALE,,GLOUCOXF,1,10,t
1382,Ashgrove Road No. 99,WAKING_NIGHT,WEDNESDAY,20:00:00,08:00:00,,,12.0,MALE,,GLOUCOXF,1,10,t
1383,Ashgrove Road No. 99,WAKING_NIGHT,THURSDAY,20:00:00,08:00:00,,,12.0,MALE,,GLOUCOXF,1,10,t
1384,Ashgrove Road No. 99,WAKING_NIGHT,FRIDAY,20:00:00,08:00:00,,,12.0,MALE,,GLOUCOXF,1,10,t
1385,Ashgrove Road No. 99,WAKING_NIGHT,SATURDAY,20:00:00,08:00:00,,,12.0,MALE,,GLOUCOXF,1,10,t
1386,Ashgrove Road No. 99,WAKING_NIGHT,SUNDAY,20:00:00,08:00:00,,,12.0,MALE,,GLOUCOXF,1,10,t
1387,Ashgrove Road No. 99,FLOATING,MONDAY,12:00:00,14:00:00,,,2.0,ANY,,GLOUCOXF,1,10,t
1388,Ashgrove Road No. 99,FLOATING,TUESDAY,12:00:00,14:00:00,,,2.0,ANY,,GLOUCOXF,1,10,t
1389,Ashgrove Road No. 99,FLOATING,WEDNESDAY,12:00:00,14:00:00,,,2.0,ANY,,GLOUCOXF,1,10,t
1390,Ashgrove Road No. 99,FLOATING,THURSDAY,12:00:00,14:00:00,,,2.0,ANY,,GLOUCOXF,1,10,t
1391,Ashgrove Road No. 99,FLOATING,FRIDAY,12:00:00,14:00:00,,,2.0,ANY,,GLOUCOXF,1,10,t
1392,Ashgrove Road No. 99,FLOATING,SATURDAY,12:00:00,14:00:00,,,2.0,ANY,,GLOUCOXF,1,10,t
1393,Ashgrove Road No. 99,FLOATING,SUNDAY,12:00:00,14:00:00,,,2.0,ANY,,GLOUCOXF,1,10,t
1394,Woodland Court No. 100,DAY,MONDAY,08:00:00,20:00:00,,,11.0,ANY,,GLOUCOXF,1,10,t
1395,Woodland Court No. 100,DAY,TUESDAY,08:00:00,20:00:00,,,11.0,ANY,,GLOUCOXF,1,10,t
1396,Woodland Court No. 100,DAY,WEDNESDAY,08:00:00,20:00:00,,,11.0,MALE,,GLOUCOXF,1,10,t
1397,Woodland Court No. 100,DAY,THURSDAY,08:00:00,20:00:00,,,11.0,MALE,,GLOUCOXF,1,10,t
1398,Woodland Court No. 100,DAY,FRIDAY,08:00:00,20:00:00,,,11.0,MALE,,GLOUCOXF,1,10,t
1399,Woodland Court No. 100,DAY,SATURDAY,08:00:00,20:00:00,,,11.0,MALE,BUCCAL,GLOUCOXF,2,10,t
1400,Woodland Court No. 100,DAY,SUNDAY,08:00:00,20:00:00,,,11.0,MALE,,GLOUCOXF,1,10,t
1401,Woodland Court No. 100,WAKING_NIGHT,MONDAY,20:00:00,08:00:00,,,12.0,MALE,,GLOUCOXF,1,10,t
1402,Woodland Court No. 100,WAKING_NIGHT,TUESDAY,20:00:00,08:00:00,,,12.0,ANY,BUCCAL,GLOUCOXF,1,10,t
1403,Woodland Court No. 100,WAKING_NIGHT,WEDNESDAY,20:00:00,08:00:00,,,12.0,MALE,,GLOUCOXF,1,10,t
1404,Woodland Court No. 100,WAKING_NIGHT,THURSDAY,20:00:00,08:00:00,,,12.0,MALE,,GLOUCOXF,1,10,t
1405,Woodland Court No. 100,WAKING_NIGHT,FRIDAY,20:00:00,08:00:00,,,12.0,MALE,,GLOUCOXF,1,10,t
1406,Woodland Court No. 100,WAKING_NIGHT,SATURDAY,20:00:00,08:00:00,,,12.0,MALE,,GLOUCOXF,1,10,t
1407,Woodland Court No. 100,WAKING_NIGHT,SUNDAY,20:00:00,08:00:00,,,12.0,MALE,,GLOUCOXF,1,10,t
1408,Woodland Court No. 100,SLEEP_IN,MONDAY,22:00:00,07:00:00,,,9.0,MALE,,GLOUCOXF,1,10,t
1409,Woodland Court No. 100,SLEEP_IN,TUESDAY,22:00:00,07:00:00,,,9.0,MALE,,GLOUCOXF,1,10,t
1410,Woodland Court No. 100,SLEEP_IN,WEDNESDAY,22:00:00,07:00:00,,,9.0,MALE,,GLOUCOXF,1,10,t
1411,Woodland Court No. 100,SLEEP_IN,THURSDAY,22:00:00,07:00:00,,,9.0,MALE,,GLOUCOXF,1,10,t
1412,Woodland Court No. 100,SLEEP_IN,FRIDAY,22:00:00,07:00:00,,,9.0,MALE,,GLOUCOXF,1,10,t
1413,Woodland Court No. 100,SLEEP_IN,SATURDAY,22:00:00,07:00:00,,,9.0,MALE,,GLOUCOXF,1,10,t
1414,Woodland Court No. 100,SLEEP_IN,SUNDAY,22:00:00,07:00:00,,,9.0,MALE,BUCCAL,GLOUCOXF,1,10,t
1415,Sycamore Court No. 101,WAKING_NIGHT,MONDAY,20:00:00,08:00:00,,,12.0,FEMALE,,GLOUCOXF,1,10,t
1416,Sycamore Court No. 101,WAKING_NIGHT,TUESDAY,20:00:00,08:00:00,,,12.0,FEMALE,,GLOUCOXF,1,10,t
1417,Sycamore Court No. 101,WAKING_NIGHT,WEDNESDAY,20:00:00,08:00:00,,,12.0,FEMALE,,GLOUCOXF,1,10,t
1418,Sycamore Court No. 101,WAKING_NIGHT,THURSDAY,20:00:00,08:00:00,,,12.0,ANY,,GLOUCOXF,1,10,t
1419,Sycamore Court No. 101,WAKING_NIGHT,FRIDAY,20:00:00,08:00:00,,,12.0,FEMALE,,GLOUCOXF,1,10,t
1420,Sycamore Court No. 101,WAKING_NIGHT,SATURDAY,20:00:00,08:00:00,,,12.0,FEMALE,,GLOUCOXF,1,10,t
1421,Sycamore Court No. 101,WAKING_NIGHT,SUNDAY,20:00:00,08:00:00,,,12.0,FEMALE,BUCCAL,GLOUCOXF,1,10,t
1422,Sycamore Court No. 101,FLOATING,MONDAY,12:00:00,14:00:00,,,2.0,ANY,,GLOUCOXF,1,10,t
1423,Sycamore Court No. 101,FLOATING,TUESDAY,12:00:00,14:00:00,,,2.0,ANY,,GLOUCOXF,1,10,t
1424,Sycamore Court No. 101,FLOATING,WEDNESDAY,12:00:00,14:00:00,,,2.0,ANY,,GLOUCOXF,1,10,t
1425,Sycamore Court No. 101,FLOATING,THURSDAY,12:00:00,14:00:00,,,2.0,ANY,,GLOUCOXF,1,10,t
1426,Sycamore Court No. 101,FLOATING,FRIDAY,12:00:00,14:00:00,,,2.0,ANY,,GLOUCOXF,1,10,t
1427,Sycamore Court No. 101,FLOATING,SATURDAY,12:00:00,14:00:00,,,2.0,ANY,BUCCAL,GLOUCOXF,1,10,t
1428,Sycamore Court No. 101,FLOATING,SUNDAY,12:00:00,14:00:00,,,2.0,ANY,,GLOUCOXF,1,10,t
1429,Sycamore Court No. 101,LONG_DAY,MONDAY,07:00:00,22:00:00,12:00:00,14:00:00,13.0,FEMALE,,GLOUCOXF,1,10,t
1430,Sycamore Court No. 101,LONG_DAY,TUESDAY,07:00:00,22:00:00,12:00:00,14:00:00,13.0,FEMALE,,GLOUCOXF,1,10,t
1431,Sycamore Court No. 101,LONG_DAY,WEDNESDAY,07:00:00,22:00:00,12:00:00,14:00:00,13.0,FEMALE,,GLOUCOXF,1,10,t
1432,Sycamore Court No. 101,LONG_DAY,THURSDAY,07:00:00,22:00:00,12:00:00,14:00:00,13.0,FEMALE,,GLOUCOXF,1,10,t
1433,Sycamore Court No. 101,LONG_DAY,FRIDAY,07:00:00,22:00:00,12:00:00,14:00:00,13.0,FEMALE,,GLOUCOXF,1,10,t
1434,Sycamore Court No. 101,LONG_DAY,SATURDAY,07:00:00,22:00:00,12:00:00,14:00:00,13.0,FEMALE,,GLOUCOXF,1,10,t
1435,Sycamore Court No. 101,LONG_DAY,SUNDAY,07:00:00,22:00:00,12:00:00,14:00:00,13.0,FEMALE,,GLOUCOXF,1,10,t
